email_id,start,end,today,deviceid,consent,gender,age_group,country_practice,city_practice,practicing_ssa,country_currently,country_currently_angola,country_currently_benin,country_currently_botswana,country_currently_burkina_faso,country_currently_burundi,country_currently_cabo_verde,country_currently_cameroon,country_currently_central_african_republic,country_currently_chad,country_currently_comoros,country_currently_congo_republic_of_the,country_currently_democratic_republic_of_the_congo,country_currently_cote_divoire,country_currently_djibouti,country_currently_equatorial_guinea,country_currently_eritrea,country_currently_eswatini,country_currently_ethiopia,country_currently_gabon,country_currently_gambia,country_currently_ghana,country_currently_guinea,country_currently_guinea_bissau,country_currently_kenya,country_currently_lesotho,country_currently_liberia,country_currently_madagascar,country_currently_malawi,country_currently_mali,country_currently_mauritania,country_currently_mauritius,country_currently_mozambique,country_currently_namibia,country_currently_niger,country_currently_nigeria,country_currently_rwanda,country_currently_sao_tome_and_principe,country_currently_senegal,country_currently_seychelles,country_currently_sierra_leone,country_currently_somalia,country_currently_south_africa,country_currently_south_sudan,country_currently_sudan,country_currently_tanzania,country_currently_togo,country_currently_uganda,country_currently_zambia,country_currently_zimbabwe,country_currently_other,qualification,qualification_other,accreditation_body,accreditation_other,accreditation_year,position,position_other,subspecialty,subspecialty_burns,subspecialty_craniofacial,subspecialty_hand,subspecialty_microsurgery,subspecialty_trauma,subspecialty_aesthetic,subspecialty_pediatric,subspecialty_oncoplastic,subspecialty_general_reconstructive,subspecialty_other,subspecialty_other_2,multiple_facilities,num_facilities,largest_case_facility,main_facility_name,wound_debridement,skin_lesion_excision,burn_excision,burn_reconstruction,contracture_release,skin_substitute_app,stsg,ftsg,local_pedicled_flaps,microvascular_surgery,hand_surgery_proc,tendon_repair,amputation,cleft_lip_repair,cleft_palate_repair,craniofacial_recon,breast_reconstruction,cosmetic_surgery,annual_recon_volume,workload_categories,workload_categories_burns,workload_categories_acute_trauma,workload_categories_scar_revision,workload_categories_cleft,workload_categories_craniofacial,workload_categories_hand,workload_categories_cancer,workload_categories_breast,workload_categories_aesthetic,workload_categories_other,workload_other,infra_electricity,infra_water,infra_oxygen,infra_blood_bank,infra_icu,infra_physio,infra_ot_therapy,infra_histopath,infra_xray,infra_ultrasound,infra_ct,infra_dedicated_or,infra_temp_or,infra_warming,eq_dermatome,eq_skin_mesher,eq_burn_dressings,eq_skin_substitutes,eq_npwt,eq_electrosurgical,eq_sterilization,eq_anesthesia,eq_ventilator,eq_pulse_oximeter,eq_loupes,eq_microsurgical,eq_microscope,eq_sutures,eq_iv_fluids,eq_catheters,eq_tourniquets,eq_splinting,trains_residents,hosts_outreach,please_specify_which_outreach_teams,second_chance_mission,second_chance_specify,cpd_available,training_needs,training_needs_specify,knows_other_surgeons,comments_suggestions,year_prs_accredited
bcd8f7e568fa252819fdc04116633cc1bef0ce84941076a2c426fbfdf1465632,2026-08-28T13:55:39Z,2026-08-28T14:12:45Z,2026-08-28,ee.kobotoolbox.org:tFD0X21p4OHYF0F1,yes,male,50-59,Togo,Lome,yes,togo,0,0,0,0,0,0,0,0,0,0,0,0,0,0,0,0,0,0,0,0,0,0,0,0,0,0,0,0,0,0,0,0,0,0,0,0,0,0,0,0,0,0,0,0,0,1,0,0,0,0,doctoral_degree,NA,international,NA,2020,academic_faculty,NA,burns;craniofacial;hand;microsurgery;trauma;aesthetic;pediatric;oncoplastic;general_reconstructive,1,1,1,1,1,1,1,1,1,0,NA,yes,3,CHUSO,CHUSO,routinely,routinely,routinely,routinely,routinely,routinely,routinely,routinely,routinely,routinely,routinely,routinely,routinely,routinely,routinely,rarely,occasionally,rarely,101_250,burns;acute_trauma;hand,1,1,0,0,0,1,0,0,0,0,NA,consistently,consistently,consistently,consistently,consistently,consistently,intermittently,consistently,consistently,consistently,consistently,intermittently,consistently,consistently,consistently,consistently,consistently,intermittently,intermittently,consistently,consistently,consistently,consistently,consistently,consistently,consistently,intermittently,consistently,consistently,consistently,consistently,intermittently,no,yes,"2nd Chance, GIPH",yes,"march 2025, Lome, Togo",no,yes,Esthetic facial plastic surgery,no,NA,6
c65b73be35cd09f722e3ec9bec7f89c4f8e25f509a79c6a95ce4a74903218f3b,2026-09-03T13:21:05Z,2026-09-03T13:31:04Z,2026-09-03,ee.kobotoolbox.org:yxaZadfeunE2raaX,yes,male,40-49,Uganda,Kampala,yes,uganda,0,0,0,0,0,0,0,0,0,0,0,0,0,0,0,0,0,0,0,0,0,0,0,0,0,0,0,0,0,0,0,0,0,0,0,0,0,0,0,0,0,0,0,0,0,0,1,0,0,0,surgical_fellowship,NA,cosecsa,NA,2009,dept_head,NA,burns;craniofacial;hand;microsurgery;trauma;aesthetic;pediatric;oncoplastic;general_reconstructive,1,1,1,1,1,1,1,1,1,0,NA,yes,2,CORSU,CORSU,routinely,occasionally,rarely,routinely,routinely,rarely,routinely,routinely,routinely,occasionally,routinely,occasionally,occasionally,routinely,routinely,occasionally,rarely,rarely,gt1000,scar_revision;cleft;hand,0,0,1,1,0,1,0,0,0,0,NA,consistently,consistently,consistently,not_available,not_available,consistently,consistently,not_available,consistently,consistently,not_available,consistently,consistently,intermittently,consistently,intermittently,intermittently,not_available,consistently,consistently,consistently,consistently,consistently,consistently,consistently,consistently,consistently,consistently,consistently,consistently,consistently,consistently,yes,no,NA,no,NA,yes,yes,Aesthetic surgery,yes,Nothing,17
562a4d5adfeeba9fa71d664f996f15dc6c2be6e788619a06879eff8cf48294ea,2026-09-03T13:19:26Z,2026-09-03T13:37:02Z,2026-09-03,ee.kobotoolbox.org:Uam9rTCwWjQfC3V6,yes,male,40-49,Nigeria,Lagos,yes,nigeria,0,0,0,0,0,0,0,0,0,0,0,0,0,0,0,0,0,0,0,0,0,0,0,0,0,0,0,0,0,0,0,0,0,0,1,0,0,0,0,0,0,0,0,0,0,0,0,0,0,0,surgical_fellowship,NA,wacs,NA,2013,consultant,NA,burns;hand;aesthetic,1,0,1,0,0,1,0,0,0,0,NA,yes,4,Grandville Medical and Laser Lekki,Grandville Medical and Laser Lekki,routinely,rarely,rarely,rarely,rarely,not_performed,rarely,rarely,rarely,not_performed,occasionally,occasionally,not_performed,routinely,routinely,rarely,rarely,routinely,lt50,scar_revision;cleft;aesthetic,0,0,1,1,0,0,0,0,1,0,NA,consistently,consistently,consistently,consistently,consistently,consistently,consistently,consistently,consistently,consistently,consistently,consistently,consistently,consistently,consistently,intermittently,consistently,not_available,consistently,consistently,consistently,consistently,consistently,consistently,not_available,not_available,not_available,consistently,consistently,consistently,consistently,consistently,yes,no,NA,no,NA,yes,yes,Training is continuous learning and improvement. The same with new concept of robotics use in plastic surgery.,no,No,13
48fe10726cf8a373056838cad9a883b9027d6feb84fc423d6add19aeff9323bb,2026-09-03T13:38:11Z,2026-09-03T14:06:25Z,2026-09-03,ee.kobotoolbox.org:j8gQ9p3AMjzobSYg,yes,male,40-49,Ethiopia,Addis Ababa,yes,ethiopia,0,0,0,0,0,0,0,0,0,0,0,0,0,0,0,0,0,1,0,0,0,0,0,0,0,0,0,0,0,0,0,0,0,0,0,0,0,0,0,0,0,0,0,0,0,0,0,0,0,0,masters_surgery,NA,national,NA,2019,consultant,NA,general_reconstructive,0,0,0,0,0,0,0,0,1,0,NA,yes,4,ALERT COMPREHENSIVE SPECIALIZED HOSPITAL,ALERT COMPREHENSIVE SPECIALIZED HOSPITAL,routinely,routinely,occasionally,routinely,routinely,not_performed,routinely,routinely,routinely,occasionally,routinely,routinely,routinely,routinely,occasionally,routinely,rarely,rarely,gt1000,hand;cancer,0,0,0,0,0,1,1,0,0,0,NA,consistently,consistently,consistently,consistently,consistently,consistently,consistently,consistently,consistently,consistently,consistently,consistently,consistently,intermittently,consistently,consistently,consistently,not_available,not_available,consistently,consistently,consistently,consistently,consistently,consistently,consistently,consistently,consistently,consistently,consistently,consistently,consistently,yes,yes,"2nd chance, BFIRST,Resurg",yes,"Togo,Lome, 2025,Kigali, 2017,Addis Ababa, 2019",yes,yes,Aesthetician surgery like breast augmentation and also facial plastic surgery,yes,No,7
ed06b9590fd8ef408a09e96ecd419204c0e3edc6450a5cb38601f7da1fed7f59,2026-09-03T14:05:19Z,2026-09-03T14:14:57Z,2026-09-03,ee.kobotoolbox.org:eZ886DdqAOcdTzBG,yes,male,30-39,Kenya,Kijabe,yes,kenya,0,0,0,0,0,0,0,0,0,0,0,0,0,0,0,0,0,0,0,0,0,0,0,1,0,0,0,0,0,0,0,0,0,0,0,0,0,0,0,0,0,0,0,0,0,0,0,0,0,0,surgical_fellowship,NA,cosecsa,NA,2026,consultant,NA,general_reconstructive,0,0,0,0,0,0,0,0,1,0,NA,no,NA,NA,AIC Kijabe Hospital,routinely,routinely,routinely,routinely,routinely,routinely,routinely,routinely,routinely,rarely,routinely,routinely,routinely,routinely,routinely,routinely,occasionally,rarely,501_1000,acute_trauma;cleft;hand,0,1,0,1,0,1,0,0,0,0,NA,consistently,consistently,consistently,intermittently,consistently,consistently,consistently,consistently,consistently,consistently,consistently,consistently,consistently,consistently,consistently,consistently,consistently,not_available,consistently,consistently,consistently,consistently,consistently,consistently,consistently,intermittently,not_available,consistently,consistently,consistently,consistently,consistently,yes,yes,"Ohana One, Op smile, smile train, and visting professors from teahing hospitals in the USA",no,NA,yes,yes,a microsurgery felloship to grow the microsurgery services in our hospital,no,NA,0
e4ecb27735d3ba21c20615faec4a81ba674abc70fae8ec5e101b999a35629c2b,2026-09-03T17:02:12Z,2026-09-03T17:12:33Z,2026-09-03,ee.kobotoolbox.org:yKG4zVv20a9pAKCc,yes,female,30-39,Ethiopia,Addis Ababa,yes,malawi,0,0,0,0,0,0,0,0,0,0,0,0,0,0,0,0,0,0,0,0,0,0,0,0,0,0,0,1,0,0,0,0,0,0,0,0,0,0,0,0,0,0,0,0,0,0,0,0,0,0,surgical_fellowship,NA,national,NA,2020,consultant,NA,general_reconstructive,0,0,0,0,0,0,0,0,1,0,NA,no,NA,NA,KCH,routinely,routinely,routinely,routinely,routinely,not_performed,routinely,routinely,occasionally,not_performed,occasionally,rarely,routinely,routinely,routinely,rarely,occasionally,rarely,501_1000,burns;scar_revision;cleft,1,0,1,1,0,0,0,0,0,0,NA,consistently,consistently,consistently,consistently,consistently,intermittently,intermittently,intermittently,intermittently,intermittently,intermittently,consistently,intermittently,intermittently,consistently,consistently,consistently,not_available,not_available,consistently,consistently,consistently,consistently,consistently,not_available,not_available,not_available,consistently,consistently,consistently,not_available,consistently,no,yes,operationSmile,yes,"Tanzania, 2021",no,yes,Microsurgery,no,NA,6
6eb662565a48d351003f0641113a21a8810724409b5afb18d5bbe7c84895f8fa,2026-09-03T18:37:43Z,2026-09-03T19:11:28Z,2026-09-03,ee.kobotoolbox.org:YAdah1SNqqg10zzm,yes,female,30-39,ethiopia,addis ababa,yes,ethiopia,0,0,0,0,0,0,0,0,0,0,0,0,0,0,0,0,0,1,0,0,0,0,0,0,0,0,0,0,0,0,0,0,0,0,0,0,0,0,0,0,0,0,0,0,0,0,0,0,0,0,surgical_fellowship,NA,national,NA,2023,consultant,NA,burns;hand;trauma;oncoplastic;general_reconstructive,1,0,1,0,1,0,0,1,1,0,NA,yes,2,Alert,Alert,routinely,routinely,routinely,routinely,routinely,not_performed,routinely,routinely,routinely,occasionally,routinely,routinely,routinely,routinely,routinely,occasionally,rarely,not_performed,gt1000,hand;other,0,0,0,0,0,1,0,0,0,1,oncologic resection and reconstruction,consistently,consistently,consistently,consistently,consistently,consistently,intermittently,consistently,consistently,consistently,consistently,consistently,not_available,not_available,consistently,consistently,consistently,not_available,not_available,consistently,consistently,consistently,consistently,consistently,intermittently,consistently,consistently,consistently,consistently,consistently,consistently,consistently,yes,yes,2nd chance resurge,yes,tanzania 2023may,no,yes,microsurgery,no,May be support on training people in microsurgery,3
2591835830ca2d9b64adf6712684209b3fc33c204d20e740e3fd5be8ce945381,2026-09-03T20:05:01Z,2026-09-03T20:31:48Z,2026-09-03,ee.kobotoolbox.org:M9bu0jKLamwK83R4,yes,male,50-59,Côte d’Ivoire,Bouaké,yes,cote_divoire,0,0,0,0,0,0,0,0,0,0,0,0,1,0,0,0,0,0,0,0,0,0,0,0,0,0,0,0,0,0,0,0,0,0,0,0,0,0,0,0,0,0,0,0,0,0,0,0,0,0,surgical_membership,NA,other,CAMES,2007,academic_faculty,NA,hand;trauma,0,0,1,0,1,0,0,0,0,0,NA,yes,3,Institut Raoul Follereau de Cote D’ivoire,Institut Raoul Follereau de Cote D’ivoire,routinely,occasionally,occasionally,routinely,routinely,not_performed,routinely,routinely,routinely,not_performed,routinely,routinely,not_performed,not_performed,not_performed,not_performed,occasionally,occasionally,101_250,acute_trauma;scar_revision;hand,0,1,1,0,0,1,0,0,0,0,NA,consistently,consistently,consistently,consistently,not_available,not_available,consistently,not_available,consistently,not_available,not_available,consistently,not_available,consistently,consistently,intermittently,consistently,not_available,consistently,consistently,consistently,consistently,intermittently,consistently,consistently,not_available,not_available,consistently,consistently,consistently,consistently,consistently,yes,no,NA,yes,"2018, 2022 CHU Treichville Abidjan",yes,yes,Suture training kits,yes,No,19
08c1cad12e21a7ccd310b4fddf72bd6707f61b355550bd1707a60a7bdc73a344,2026-09-04T03:39:47Z,2026-09-04T03:52:32Z,2026-09-04,ee.kobotoolbox.org:FAvbBh3GZQ2Rutfp,yes,male,30-39,DRC,Bukavu,yes,uganda,0,0,0,0,0,0,0,0,0,0,0,0,0,0,0,0,0,0,0,0,0,0,0,0,0,0,0,0,0,0,0,0,0,0,0,0,0,0,0,0,0,0,0,0,0,0,1,0,0,0,surgical_membership,NA,cosecsa,NA,2025,resident,NA,burns;hand;trauma;aesthetic;pediatric;oncoplastic;general_reconstructive,1,0,1,0,1,1,1,1,1,0,NA,no,NA,NA,Kiruddu National and Referral  Hospital,routinely,routinely,routinely,routinely,routinely,occasionally,routinely,routinely,routinely,not_performed,routinely,routinely,routinely,occasionally,occasionally,rarely,routinely,rarely,gt1000,burns;acute_trauma;scar_revision,1,1,1,0,0,0,0,0,0,0,NA,consistently,consistently,consistently,consistently,intermittently,consistently,consistently,intermittently,consistently,consistently,consistently,consistently,consistently,consistently,consistently,consistently,consistently,intermittently,consistently,consistently,consistently,consistently,consistently,consistently,intermittently,not_available,not_available,consistently,consistently,consistently,intermittently,consistently,yes,yes,"Interplast, Resurge, Rotaplast, 2nd Chance ,",yes,"Ghana, 2023. Tanzania 2025. Kenya 2026",yes,yes,"Microsurgery,  craniofacial and cleft, cosmetic plastic surgery",no,to provide more training amd research opportunities for residents,1
4eaf99fbdfb047e2413d60a5e579110c893300bd59739f2d75a7f254aceaad17,2026-09-04T07:41:43Z,2026-09-04T11:00:50Z,2026-09-04,ee.kobotoolbox.org:zndJuvrfAHSn6yTl,yes,male,30-39,RWANDA,Kigali,yes,rwanda,0,0,0,0,0,0,0,0,0,0,0,0,0,0,0,0,0,0,0,0,0,0,0,0,0,0,0,0,0,0,0,0,0,0,0,1,0,0,0,0,0,0,0,0,0,0,0,0,0,0,surgical_membership,NA,cosecsa,NA,2025,resident,NA,general_reconstructive,0,0,0,0,0,0,0,0,1,0,NA,no,NA,NA,CHUK,routinely,occasionally,routinely,occasionally,occasionally,routinely,routinely,routinely,occasionally,occasionally,occasionally,occasionally,occasionally,occasionally,occasionally,rarely,occasionally,rarely,50_100,burns;acute_trauma;scar_revision,1,1,1,0,0,0,0,0,0,0,NA,consistently,consistently,consistently,consistently,intermittently,consistently,not_available,intermittently,consistently,consistently,consistently,consistently,intermittently,intermittently,intermittently,intermittently,consistently,intermittently,intermittently,intermittently,consistently,consistently,consistently,consistently,intermittently,intermittently,not_available,intermittently,consistently,consistently,consistently,consistently,yes,yes,Operation smile team,yes,"June 2025, Kenya",no,yes,"On cleft and palate repair, cosmetics and oncologis",no,"This cross-sectional research offers valuable insights, particularly through its focus on sub-Saharan Africa, where public awareness of plastic and reconstructive surgery remains low. There is an urgent need for expanded outreach and advocacy to highlight the vital work of reconstructive surgeons. Furthermore, scaling up local surgical training programs and fostering international exchange partnerships will enable trainees to gain advanced clinical skills from leading centers around the world.",1
13c9f01b705646427c0f5100777b71bdf084209890f83163725c424c5500c09e,2026-09-06T20:15:45Z,2026-09-06T20:29:38Z,2026-09-06,ee.kobotoolbox.org:JxN9r7lDGbZgrkTe,yes,male,30-39,Uganda,Kampala,yes,uganda,0,0,0,0,0,0,0,0,0,0,0,0,0,0,0,0,0,0,0,0,0,0,0,0,0,0,0,0,0,0,0,0,0,0,0,0,0,0,0,0,0,0,0,0,0,0,1,0,0,0,masters_surgery,NA,cosecsa,NA,2023,fellow,NA,pediatric,0,0,0,0,0,0,1,0,0,0,NA,yes,2,Mulago National referral hospital,Mulago National referral hospital,routinely,rarely,rarely,rarely,occasionally,not_performed,routinely,routinely,routinely,not_performed,occasionally,routinely,routinely,routinely,routinely,occasionally,rarely,occasionally,101_250,cleft,0,0,0,1,0,0,0,0,0,0,NA,consistently,consistently,consistently,consistently,intermittently,consistently,consistently,consistently,consistently,consistently,consistently,intermittently,intermittently,intermittently,consistently,consistently,consistently,not_available,intermittently,consistently,consistently,consistently,consistently,consistently,not_available,not_available,not_available,consistently,consistently,consistently,consistently,consistently,yes,yes,Smile Train,yes,Kenya in July 2026,yes,yes,Cleft lip and reconstruction surgery,yes,Grateful for the lessons picked from the previous mission.,3
29a0291efdd38bf9db83be86beef7212e0a6c54fcc7c1d4ebc710437373b0968,2026-09-13T11:36:03Z,2026-09-13T11:55:37Z,2026-09-13,ee.kobotoolbox.org:cify7sl0wRCSWVWP,yes,male,<30,Rwanda,Kigali,yes,rwanda,0,0,0,0,0,0,0,0,0,0,0,0,0,0,0,0,0,0,0,0,0,0,0,0,0,0,0,0,0,0,0,0,0,0,0,1,0,0,0,0,0,0,0,0,0,0,0,0,0,0,surgical_membership,NA,cosecsa,NA,2023,resident,NA,general_reconstructive,0,0,0,0,0,0,0,0,1,0,NA,no,NA,NA,CHUK,routinely,routinely,routinely,routinely,routinely,routinely,routinely,routinely,routinely,rarely,routinely,routinely,routinely,routinely,routinely,rarely,routinely,rarely,251_500,burns;acute_trauma;breast,1,1,0,0,0,0,0,1,0,0,NA,consistently,consistently,consistently,consistently,intermittently,consistently,intermittently,consistently,consistently,consistently,consistently,consistently,consistently,consistently,consistently,consistently,consistently,consistently,intermittently,consistently,consistently,consistently,consistently,consistently,intermittently,consistently,consistently,consistently,consistently,consistently,consistently,consistently,yes,yes,Operation smile,yes,"2025: Namibia : OSHAKATI , 2026: Kenya: ELDORET",yes,yes,"After my graduation, I would like to further my learning by doing a fellowship in hand surgery - as currently there is no hand surgeon in the country. on top of that - I would like to have a training in global health and geopolitics around it, as it does impact our surgical work, especially in LMICs",no,"I appreciate the work that 2nd chance does of reconstruction in LMICs, both training and treating.",3
2610d9b7a90caf4d70fc1c14d2b1ea65c1dd8826d30f78e3ac8da4e105154487,2026-09-17T16:45:07Z,2026-09-17T17:02:07Z,2026-09-17,ee.kobotoolbox.org:FQHdcXVja6VhA7LT,yes,male,50-59,Nigeria,Ibadan,yes,nigeria,0,0,0,0,0,0,0,0,0,0,0,0,0,0,0,0,0,0,0,0,0,0,0,0,0,0,0,0,0,0,0,0,0,0,1,0,0,0,0,0,0,0,0,0,0,0,0,0,0,0,surgical_fellowship,NA,wacs,NA,2009,consultant,NA,burns;general_reconstructive,1,0,0,0,0,0,0,0,1,0,NA,yes,2,"UNIVERSITY COLLEGE HOSPITAL,IBADAN","UNIVERSITY COLLEGE HOSPITAL,IBADAN",routinely,routinely,routinely,routinely,routinely,occasionally,routinely,routinely,routinely,rarely,routinely,routinely,routinely,routinely,routinely,routinely,occasionally,occasionally,101_250,acute_trauma,0,1,0,0,0,0,0,0,0,0,NA,intermittently,intermittently,consistently,consistently,intermittently,consistently,not_available,intermittently,consistently,consistently,consistently,consistently,intermittently,not_available,consistently,consistently,consistently,not_available,intermittently,not_available,consistently,consistently,intermittently,consistently,consistently,consistently,consistently,consistently,consistently,consistently,consistently,consistently,yes,no,NA,no,NA,yes,yes,Simulator and skills laboratory,no,NA,17
0af2730e6eb27f49ff208eac69e7bc32dcbbf1c1f0c53117539f2f2a62bb8f23,2026-09-22T08:02:29Z,2026-09-22T08:23:31Z,2026-09-22,ee.kobotoolbox.org:gVppIhAvH0l0OwbS,yes,male,30-39,uganda,kamapal,yes,uganda,0,0,0,0,0,0,0,0,0,0,0,0,0,0,0,0,0,0,0,0,0,0,0,0,0,0,0,0,0,0,0,0,0,0,0,0,0,0,0,0,0,0,0,0,0,0,1,0,0,0,surgical_fellowship,NA,national,NA,2025,consultant,NA,burns,1,0,0,0,0,0,0,0,0,0,NA,yes,2,kayunaga regional referral hospital,kayunaga regional referral hospital,routinely,rarely,routinely,routinely,occasionally,routinely,routinely,rarely,rarely,rarely,rarely,routinely,routinely,routinely,routinely,not_performed,occasionally,routinely,lt50,burns,1,0,0,0,0,0,0,0,0,0,NA,consistently,consistently,consistently,consistently,consistently,consistently,consistently,intermittently,consistently,consistently,intermittently,consistently,consistently,consistently,consistently,consistently,consistently,consistently,intermittently,intermittently,consistently,consistently,consistently,consistently,consistently,not_available,not_available,consistently,consistently,consistently,consistently,consistently,no,yes,conseca and associations ugand surgeon,yes,in 2021 Tanzania and 2023 in kanya,yes,yes,I want burn plastic surgery training and to do folowship if 2nd chance will sponsor me this followahip,no,subsahra Africa there is gab of plastic surgeon and I want to be one of them if u could help me sponsor I will join people will this area for the burn plastic surgery surgery,1
9de20d4f8734241a2368593727345bed37f941668a814b6bcc5be111d5cf5394,2026-09-22T08:16:25Z,2026-09-22T08:26:15Z,2026-09-22,ee.kobotoolbox.org:IwVnzcwcWxI7lOnc,yes,female,30-39,Kenya,Nairobi,yes,kenya,0,0,0,0,0,0,0,0,0,0,0,0,0,0,0,0,0,0,0,0,0,0,0,1,0,0,0,0,0,0,0,0,0,0,0,0,0,0,0,0,0,0,0,0,0,0,0,0,0,0,masters_surgery,NA,national,NA,2018,dept_head,NA,burns;trauma;pediatric;general_reconstructive,1,0,0,0,1,0,1,0,1,0,NA,yes,2,DEFENCE Forces Memorial Hospital,DEFENCE Forces Memorial Hospital,routinely,routinely,routinely,routinely,routinely,rarely,routinely,routinely,routinely,rarely,occasionally,occasionally,occasionally,rarely,rarely,rarely,rarely,not_performed,101_250,burns;acute_trauma;scar_revision,1,1,1,0,0,0,0,0,0,0,NA,consistently,consistently,consistently,consistently,consistently,consistently,consistently,consistently,consistently,consistently,consistently,intermittently,consistently,consistently,consistently,not_available,intermittently,not_available,consistently,consistently,consistently,consistently,consistently,consistently,consistently,not_available,not_available,consistently,consistently,consistently,consistently,consistently,yes,no,NA,yes,"Nairobi, Kigali, Kampala, Eldoret, Tumbi",yes,no,NA,no,NA,8
feb5af88830ee026e08b6b982b711345751642cad0c458b0ab73739ec71bbc6f,2026-09-22T16:20:24Z,2026-09-22T16:54:03Z,2026-09-22,ee.kobotoolbox.org:Hr7LXyFAxSWGH20M,yes,female,30-39,Kenya,Nairobi,yes,kenya,0,0,0,0,0,0,0,0,0,0,0,0,0,0,0,0,0,0,0,0,0,0,0,1,0,0,0,0,0,0,0,0,0,0,0,0,0,0,0,0,0,0,0,0,0,0,0,0,0,0,masters_surgery,NA,national,NA,2019,consultant,NA,hand;microsurgery;trauma,0,0,1,1,1,0,0,0,0,0,NA,yes,3,Kenyatta National Hospital,Kenyatta National Hospital,routinely,routinely,routinely,routinely,routinely,rarely,routinely,routinely,routinely,routinely,routinely,routinely,routinely,routinely,routinely,occasionally,routinely,rarely,gt1000,burns;acute_trauma;scar_revision,1,1,1,0,0,0,0,0,0,0,NA,consistently,consistently,consistently,consistently,intermittently,consistently,consistently,consistently,consistently,consistently,consistently,consistently,intermittently,intermittently,consistently,consistently,consistently,intermittently,consistently,consistently,consistently,consistently,consistently,consistently,consistently,intermittently,intermittently,consistently,consistently,consistently,consistently,intermittently,yes,yes,"SHARE International,",no,NA,yes,yes,Availability of a cadaver training lab and microsurgery training lab would greatly improve training of residents as well as research for consultants,yes,NA,7
ca1e2fe95a748cbbdc507cff4564beaaa30ea00cd6bbfb54e301ba2fa64c4fad,2026-09-25T11:21:54Z,2026-09-25T11:37:33Z,2026-09-25,ee.kobotoolbox.org:tFR1f08IaWrVKfbd,yes,female,50-59,Tanzania,Nkinga,yes,tanzania,0,0,0,0,0,0,0,0,0,0,0,0,0,0,0,0,0,0,0,0,0,0,0,0,0,0,0,0,0,0,0,0,0,0,0,0,0,0,0,0,0,0,0,0,1,0,0,0,0,0,surgical_fellowship,NA,other,FRCSCanada,1950,consultant,NA,other,0,0,0,0,0,0,0,0,0,1,"I am a General Surgeon, but we do a fair bit of Plastics at our center",no,NA,NA,Nkinga Referral Hospital,routinely,routinely,routinely,routinely,routinely,not_performed,routinely,routinely,routinely,not_performed,occasionally,occasionally,routinely,occasionally,occasionally,occasionally,occasionally,rarely,50_100,burns;acute_trauma;scar_revision,1,1,1,0,0,0,0,0,0,0,NA,intermittently,intermittently,consistently,consistently,intermittently,consistently,not_available,consistently,consistently,consistently,not_available,consistently,intermittently,not_available,intermittently,intermittently,consistently,not_available,not_available,intermittently,consistently,consistently,intermittently,consistently,intermittently,not_available,not_available,intermittently,consistently,consistently,intermittently,intermittently,no,yes,Occasional Cleft teams,no,NA,no,yes,We need to improve cleft surgery.  More teaching on difficult pedicled flaps.  Would consider training i  free,no,Add more General Surgeons to your list.  Most reconstruction is done by General Surgeons in this country.your list.  Most rec,76
e72ef3829821e359ab1e96a90c8960aefaaa4ccc2c9b87d992357ab5bb1cfbdb,2026-09-25T12:04:00Z,2026-09-25T12:18:37Z,2026-09-25,ee.kobotoolbox.org:pJ4VenjcSYs8iH9R,yes,female,30-39,Ethiopia,Jimma,yes,ethiopia,0,0,0,0,0,0,0,0,0,0,0,0,0,0,0,0,0,1,0,0,0,0,0,0,0,0,0,0,0,0,0,0,0,0,0,0,0,0,0,0,0,0,0,0,0,0,0,0,0,0,surgical_fellowship,NA,national,NA,2024,consultant,NA,general_reconstructive,0,0,0,0,0,0,0,0,1,0,NA,no,NA,NA,Jimma University medical center,routinely,routinely,routinely,routinely,routinely,not_performed,routinely,routinely,routinely,rarely,routinely,routinely,occasionally,routinely,routinely,routinely,occasionally,occasionally,501_1000,acute_trauma;cleft;hand,0,1,0,1,0,1,0,0,0,0,NA,consistently,intermittently,consistently,consistently,consistently,intermittently,not_available,intermittently,consistently,consistently,consistently,consistently,not_available,not_available,consistently,consistently,intermittently,not_available,not_available,consistently,intermittently,intermittently,intermittently,consistently,intermittently,intermittently,not_available,intermittently,consistently,consistently,intermittently,consistently,no,yes,Tanzania Uganda and local team form St. Paul,yes,Tanzania 2023,no,yes,Microsurgery breast and craniofacial surgery,yes,-,2
59f84bf88013ed9d8436457b16db2754d78a67e6ebebd741b697cdf0a3b08743,2026-09-25T13:20:45Z,2026-09-25T13:32:35Z,2026-09-25,ee.kobotoolbox.org:Tre0wrOZJFJNR0Gd,yes,male,50-59,Ethiopia,Bahirdar,yes,ethiopia,0,0,0,0,0,0,0,0,0,0,0,0,0,0,0,0,0,1,0,0,0,0,0,0,0,0,0,0,0,0,0,0,0,0,0,0,0,0,0,0,0,0,0,0,0,0,0,0,0,0,surgical_fellowship,NA,cosecsa,NA,2004,consultant,NA,burns;craniofacial;hand;microsurgery;aesthetic,1,1,1,1,0,1,0,0,0,0,NA,yes,2,Felgehiwot hospital,Felgehiwot hospital,routinely,routinely,routinely,routinely,routinely,not_performed,routinely,routinely,routinely,not_performed,routinely,routinely,routinely,routinely,routinely,occasionally,rarely,rarely,501_1000,burns;acute_trauma;cleft,1,1,0,1,0,0,0,0,0,0,NA,consistently,consistently,consistently,consistently,intermittently,consistently,not_available,consistently,consistently,consistently,consistently,consistently,consistently,not_available,consistently,consistently,intermittently,not_available,not_available,not_available,consistently,consistently,consistently,consistently,intermittently,intermittently,not_available,consistently,consistently,consistently,not_available,not_available,no,yes,Gonder university hospital,yes,"Tanzania,Togo,Guinea and Ethiopia",no,yes,Microsurgery fellowship,no,No,22
50d67bd0f4d19ee12eea1a17e9acdc8b1f9eda97165e8c2db660facd8c15d4d5,2026-09-25T18:57:48Z,2026-09-25T19:33:11Z,2026-09-25,ee.kobotoolbox.org:Rlvjm7CxsVTswwJS,yes,male,>=60,Ethiopia,Addis Ababa,yes,ethiopia,0,0,0,0,0,0,0,0,0,0,0,0,0,0,0,0,0,1,0,0,0,0,0,0,0,0,0,0,0,0,0,0,0,0,0,0,0,0,0,0,0,0,0,0,0,0,0,0,0,0,doctoral_degree,NA,national,NA,2007,dept_head,NA,burns;craniofacial;hand;trauma;pediatric,1,1,1,0,1,0,1,0,0,0,NA,yes,2,Yekatit 12 Hospital Medical College,Yekatit 12 Hospital Medical College,routinely,routinely,routinely,routinely,routinely,not_performed,routinely,routinely,routinely,rarely,routinely,routinely,routinely,routinely,routinely,occasionally,occasionally,rarely,251_500,burns;acute_trauma;cleft,1,1,0,1,0,0,0,0,0,0,NA,consistently,consistently,consistently,not_available,consistently,consistently,not_available,consistently,consistently,consistently,consistently,consistently,not_available,intermittently,intermittently,consistently,consistently,not_available,not_available,consistently,consistently,consistently,consistently,consistently,consistently,consistently,not_available,consistently,consistently,consistently,intermittently,consistently,yes,yes,visistors from Norway,yes,At Yekatit 12 Hospital 2015,yes,yes,training on Ear reconstruction,yes,No,19
2ed9acf4058f38cb032d87e29cd1d591b24725d596f9648206a69f81c3b5278e,2026-09-26T01:09:40Z,2026-09-26T01:30:28Z,2026-09-26,ee.kobotoolbox.org:dMN4zW7Lmnb8Lchp,yes,female,40-49,Ethiopia,Addis Abeba,yes,ethiopia,0,0,0,0,0,0,0,0,0,0,0,0,0,0,0,0,0,1,0,0,0,0,0,0,0,0,0,0,0,0,0,0,0,0,0,0,0,0,0,0,0,0,0,0,0,0,0,0,0,0,surgical_fellowship,NA,cosecsa,NA,2023,academic_faculty,NA,burns;craniofacial;hand;trauma;aesthetic;oncoplastic;general_reconstructive,1,1,1,0,1,1,0,1,1,0,NA,yes,2,AaBET Hospital,AaBET Hospital,routinely,occasionally,routinely,routinely,routinely,not_performed,routinely,routinely,routinely,occasionally,routinely,routinely,routinely,occasionally,occasionally,occasionally,rarely,rarely,501_1000,burns;acute_trauma;hand,1,1,0,0,0,1,0,0,0,0,NA,consistently,consistently,consistently,consistently,consistently,consistently,intermittently,consistently,consistently,consistently,consistently,consistently,intermittently,intermittently,consistently,consistently,consistently,not_available,intermittently,consistently,consistently,consistently,consistently,consistently,intermittently,intermittently,intermittently,consistently,consistently,consistently,consistently,consistently,yes,yes,Burn reconstruction teams through operation Smile,yes,"At Arba minch,Ethiopia mission, in 2023",yes,yes,Breast reconstruction and use of tissue expanders for scar managment,yes,Can I participate in your surgical missions as a trainer?,3
6b3f7939f552e0a91664ba7af8fcb7614dbb0d3d1609f7155351289f732921fb,2026-09-26T17:01:17Z,2026-09-26T17:50:49Z,2026-09-26,ee.kobotoolbox.org:7s8SPI9pPDNZIPuv,yes,male,>=60,Ethiopia,Addis Ababa,yes,ethiopia,0,0,0,0,0,0,0,0,0,0,0,0,0,0,0,0,0,1,0,0,0,0,0,0,0,0,0,0,0,0,0,0,0,0,0,0,0,0,0,0,0,0,0,0,0,0,0,0,0,0,surgical_fellowship,NA,national,NA,2007,consultant,NA,burns;craniofacial;hand;trauma;pediatric;oncoplastic;general_reconstructive,1,1,1,0,1,0,1,1,1,0,NA,yes,2,ALERT Comprehensive Specialized Hospital,ALERT Comprehensive Specialized Hospital,routinely,routinely,occasionally,routinely,routinely,not_performed,routinely,routinely,routinely,routinely,routinely,routinely,occasionally,routinely,routinely,occasionally,rarely,occasionally,gt1000,acute_trauma;hand;cancer,0,1,0,0,0,1,1,0,0,0,NA,consistently,consistently,consistently,consistently,consistently,consistently,consistently,consistently,consistently,consistently,consistently,consistently,consistently,consistently,consistently,consistently,consistently,not_available,intermittently,consistently,consistently,consistently,consistently,consistently,consistently,consistently,consistently,consistently,consistently,consistently,consistently,consistently,no,yes,Emory,no,NA,yes,NA,NA,no,Thank you for taking the initiative to find out what is on the ground and the needs in Sub-Saharan Africa. I hope the outcome will guide the direction of future training and service.,19
1c67a499b85cd170147f28c8da9c15213cd845198d12e5a4ce93411e060aa815,2026-09-27T12:00:27Z,2026-09-27T12:09:52Z,2026-09-27,ee.kobotoolbox.org:cnL1JhzQqCOrEDVc,yes,female,30-39,Tanzania,Dar es salaam,yes,tanzania,0,0,0,0,0,0,0,0,0,0,0,0,0,0,0,0,0,0,0,0,0,0,0,0,0,0,0,0,0,0,0,0,0,0,0,0,0,0,0,0,0,0,0,0,1,0,0,0,0,0,surgical_membership,NA,cosecsa,NA,2025,resident,NA,burns;craniofacial;hand;trauma;oncoplastic;general_reconstructive,1,1,1,0,1,0,0,1,1,0,NA,no,NA,NA,Muhimbili,routinely,routinely,routinely,routinely,occasionally,routinely,routinely,routinely,occasionally,not_performed,rarely,rarely,not_performed,rarely,rarely,rarely,occasionally,occasionally,101_250,burns;cancer,1,0,0,0,0,0,1,0,0,0,NA,consistently,consistently,consistently,consistently,consistently,consistently,consistently,consistently,consistently,consistently,consistently,consistently,intermittently,consistently,consistently,consistently,consistently,intermittently,intermittently,consistently,consistently,consistently,consistently,consistently,consistently,intermittently,intermittently,consistently,consistently,consistently,consistently,consistently,yes,yes,Research,yes,2026 tumbi Tanzania,yes,yes,More hand on practice,no,No,1
75970ea8e7116671b793973fae8e76a0736287ee75a8269f2321fc3cb8889844,2026-09-28T15:27:37Z,2026-09-28T15:39:37Z,2026-09-28,ee.kobotoolbox.org:cu0RssrOnYst1w3f,yes,male,30-39,Malawi,BLANTYRE,yes,malawi,0,0,0,0,0,0,0,0,0,0,0,0,0,0,0,0,0,0,0,0,0,0,0,0,0,0,0,1,0,0,0,0,0,0,0,0,0,0,0,0,0,0,0,0,0,0,0,0,0,0,surgical_fellowship,NA,cosecsa,NA,2025,consultant,NA,burns;hand;trauma;pediatric;oncoplastic;general_reconstructive,1,0,1,0,1,0,1,1,1,0,NA,no,NA,NA,Queen Elizabeth Central Hospital,routinely,routinely,occasionally,routinely,occasionally,not_performed,routinely,routinely,occasionally,not_performed,routinely,routinely,routinely,routinely,routinely,rarely,rarely,rarely,101_250,burns;cleft;hand,1,0,0,1,0,1,0,0,0,0,NA,consistently,consistently,consistently,consistently,intermittently,consistently,intermittently,not_available,consistently,consistently,consistently,consistently,intermittently,intermittently,intermittently,intermittently,consistently,not_available,not_available,consistently,consistently,consistently,consistently,consistently,intermittently,not_available,not_available,consistently,consistently,consistently,consistently,consistently,yes,no,NA,yes,"2023 in Tumbi, Tanzania",no,yes,"Consistent courses e g, flap courses, hand surgery courses. Equipment. Theatre",yes,No,1
3bccb62134f8659f78aa479dd20efeefcca442837984dce2f044e68f50a630a9,2026-09-28T15:37:19Z,2026-09-28T15:53:10Z,2026-09-28,ee.kobotoolbox.org:6ncCGCbKA1RBKnuW,yes,male,40-49,Rwanda,Kigali,yes,rwanda,0,0,0,0,0,0,0,0,0,0,0,0,0,0,0,0,0,0,0,0,0,0,0,0,0,0,0,0,0,0,0,0,0,0,0,1,0,0,0,0,0,0,0,0,0,0,0,0,0,0,surgical_fellowship,NA,cosecsa,NA,2026,fellow,NA,hand;microsurgery,0,0,1,1,0,0,0,0,0,0,NA,no,NA,NA,Rwanda Military teachingcHospital,routinely,routinely,routinely,routinely,routinely,occasionally,routinely,routinely,routinely,occasionally,routinely,occasionally,rarely,routinely,routinely,routinely,occasionally,occasionally,501_1000,acute_trauma;scar_revision;hand,0,1,1,0,0,1,0,0,0,0,NA,consistently,consistently,consistently,consistently,consistently,consistently,consistently,consistently,consistently,consistently,consistently,consistently,consistently,consistently,consistently,consistently,consistently,intermittently,intermittently,consistently,consistently,consistently,consistently,consistently,intermittently,intermittently,intermittently,consistently,consistently,consistently,consistently,consistently,yes,no,NA,yes,2017 Zimbabwe,yes,yes,Micro-Surgery instruments,yes,I appreciate the role of 2nd chance in training plastic Surgeons in Africa,0
cb9723e3cf7eb850f29d0000ba3f3e23b659fb3f3d49c3b4b621260563532ae3,2026-09-28T15:51:19Z,2026-09-28T16:17:34Z,2026-09-28,ee.kobotoolbox.org:oeZseXffcXDmUpQT,yes,male,30-39,Ethiopia,Addis Ababa,yes,ethiopia,0,0,0,0,0,0,0,0,0,0,0,0,0,0,0,0,0,1,0,0,0,0,0,0,0,0,0,0,0,0,0,0,0,0,0,0,0,0,0,0,0,0,0,0,0,0,0,0,0,0,surgical_fellowship,NA,national,NA,2026,fellow,NA,craniofacial;hand;aesthetic;oncoplastic,0,1,1,0,0,1,0,1,0,0,NA,yes,2,Alert comprehensive specialized hospital,Alert comprehensive specialized hospital,occasionally,occasionally,occasionally,routinely,routinely,not_performed,routinely,occasionally,occasionally,occasionally,routinely,routinely,rarely,routinely,occasionally,occasionally,rarely,not_performed,gt1000,acute_trauma;scar_revision;hand,0,1,1,0,0,1,0,0,0,0,NA,intermittently,intermittently,consistently,intermittently,intermittently,consistently,intermittently,intermittently,consistently,intermittently,intermittently,consistently,intermittently,intermittently,intermittently,intermittently,consistently,not_available,not_available,intermittently,consistently,intermittently,intermittently,consistently,intermittently,intermittently,intermittently,consistently,consistently,consistently,intermittently,intermittently,yes,yes,ReSurge International,no,NA,yes,yes,"Advanced Microsurgical Techniques, Complex Burn Reconstruction, Peripheral Nerve & Hand Surgery, Maxillofacial & Oncological Reconstruction, Podiatric & Diabetic Foot Salvage",no,"Emphasize Longitudinal Mentorship Over Drop-in Missions, Integrate Multi-Disciplinary Operating Teams",0
34e2afb45fbb6c4ffe264a404b707f2ba54605fb5824244bc6428400d6e2e113,2026-09-28T17:57:32Z,2026-09-28T18:05:50Z,2026-09-28,ee.kobotoolbox.org:af4vdDkExQCyU1QI,yes,male,30-39,Rwanda,Kigali,yes,rwanda,0,0,0,0,0,0,0,0,0,0,0,0,0,0,0,0,0,0,0,0,0,0,0,0,0,0,0,0,0,0,0,0,0,0,0,1,0,0,0,0,0,0,0,0,0,0,0,0,0,0,masters_surgery,NA,national,NA,2026,resident,NA,burns;trauma;general_reconstructive,1,0,0,0,1,0,0,0,1,0,NA,no,NA,NA,Thierry Cyuzuzo,routinely,occasionally,routinely,routinely,occasionally,rarely,routinely,routinely,routinely,occasionally,routinely,routinely,occasionally,occasionally,occasionally,occasionally,occasionally,occasionally,251_500,burns;acute_trauma;hand,1,1,0,0,0,1,0,0,0,0,NA,consistently,consistently,consistently,consistently,consistently,consistently,intermittently,consistently,consistently,consistently,consistently,consistently,consistently,consistently,consistently,consistently,consistently,intermittently,intermittently,consistently,consistently,consistently,consistently,consistently,intermittently,intermittently,intermittently,consistently,consistently,consistently,consistently,consistently,yes,yes,Operation smile reconstructive surgery,no,NA,yes,yes,More exposure on cleft and cosmetic surgeries,no,NA,0
3278e84674e80a44d82d558c7d86c605f4361bee83012d1fd0d9492bec69d4a0,2026-09-28T18:11:58Z,2026-09-28T18:25:27Z,2026-09-28,ee.kobotoolbox.org:hfoGCjxhBFGprdy0,yes,male,30-39,Ethiopia,Adama,yes,ethiopia,0,0,0,0,0,0,0,0,0,0,0,0,0,0,0,0,0,1,0,0,0,0,0,0,0,0,0,0,0,0,0,0,0,0,0,0,0,0,0,0,0,0,0,0,0,0,0,0,0,0,surgical_fellowship,NA,cosecsa,NA,2021,consultant,NA,craniofacial;hand;trauma;oncoplastic,0,1,1,0,1,0,0,1,0,0,NA,yes,2,Adama Hospital medical college,Adama Hospital medical college,routinely,routinely,routinely,routinely,routinely,routinely,routinely,routinely,routinely,not_performed,routinely,routinely,routinely,rarely,rarely,occasionally,not_performed,not_performed,501_1000,burns;acute_trauma;hand,1,1,0,0,0,1,0,0,0,0,NA,consistently,consistently,consistently,consistently,consistently,intermittently,not_available,consistently,consistently,consistently,consistently,consistently,intermittently,intermittently,not_available,not_available,not_available,not_available,not_available,intermittently,consistently,consistently,consistently,consistently,consistently,not_available,not_available,intermittently,consistently,consistently,intermittently,intermittently,no,no,NA,yes,"Zambia, Lusaka May 2019",yes,yes,Cosmetics surgery and some special craniofacial procedures,no,None,5
620429db90c1eb54797db6a048d3e6e0b8fa04505afb2597710b578c5c17c89b,2026-09-28T17:46:28Z,2026-09-28T19:17:32Z,2026-09-28,ee.kobotoolbox.org:mi9WiuZ8u84YOsQ9,yes,male,30-39,Burundi,Bujumbura,yes,burundi,0,0,0,0,1,0,0,0,0,0,0,0,0,0,0,0,0,0,0,0,0,0,0,0,0,0,0,0,0,0,0,0,0,0,0,0,0,0,0,0,0,0,0,0,0,0,0,0,0,0,surgical_fellowship,NA,cosecsa,NA,2021,resident,NA,burns;craniofacial;hand;microsurgery;trauma;aesthetic;pediatric;oncoplastic;general_reconstructive,1,1,1,1,1,1,1,1,1,0,NA,yes,2,Tanganyika Hospital,Tanganyika Hospital,routinely,occasionally,rarely,occasionally,occasionally,not_performed,routinely,routinely,occasionally,not_performed,rarely,rarely,occasionally,occasionally,occasionally,rarely,rarely,rarely,50_100,burns;acute_trauma;scar_revision,1,1,1,0,0,0,0,0,0,0,NA,intermittently,intermittently,intermittently,intermittently,not_available,not_available,not_available,not_available,consistently,consistently,consistently,intermittently,intermittently,not_available,consistently,not_available,not_available,not_available,not_available,not_available,intermittently,consistently,consistently,consistently,not_available,not_available,not_available,consistently,consistently,consistently,consistently,consistently,no,no,NA,no,NA,no,yes,"As my exposure to hand, microsurgery, and craniofacial reconstruction is limited I'd like to get more exposure so that I can serve my patients in need of those services.  Scholarship for the 2027 ( my examination year)",no,None,5
c9e54f380aa3a47d29e6251ed1f535c6b2400cee621437485d5c52ae640c0472,2026-09-29T03:44:20Z,2026-09-29T04:17:36Z,2026-09-29,ee.kobotoolbox.org:MEDEW9P7mJhs4Fo1,yes,female,30-39,Ethiopia,Addis Ababa,yes,ethiopia,0,0,0,0,0,0,0,0,0,0,0,0,0,0,0,0,0,1,0,0,0,0,0,0,0,0,0,0,0,0,0,0,0,0,0,0,0,0,0,0,0,0,0,0,0,0,0,0,0,0,surgical_membership,NA,cosecsa,NA,2026,resident,NA,burns;craniofacial;hand;microsurgery;trauma;pediatric;oncoplastic;general_reconstructive,1,1,1,1,1,0,1,1,1,0,NA,yes,2,Alert,Alert,routinely,routinely,routinely,routinely,routinely,rarely,routinely,routinely,routinely,occasionally,routinely,routinely,routinely,routinely,routinely,routinely,rarely,not_performed,gt1000,acute_trauma;hand;cancer,0,1,0,0,0,1,1,0,0,0,NA,intermittently,intermittently,intermittently,intermittently,intermittently,consistently,consistently,intermittently,consistently,consistently,intermittently,consistently,intermittently,not_available,consistently,consistently,intermittently,not_available,not_available,consistently,consistently,consistently,consistently,consistently,intermittently,intermittently,consistently,intermittently,consistently,consistently,consistently,consistently,yes,yes,Resurge,yes,Eldorate in july,yes,yes,Breast reconstruction,no,NA,0
18d6d58202ed3e3b3a04cb304ed651f41f7fb56c4f475aa749c1b9f9dd385afc,2026-09-29T13:09:49Z,2026-09-29T13:39:48Z,2026-09-29,ee.kobotoolbox.org:KYN3l944wKdRbEcm,yes,male,30-39,Ethiopia,Addis Ababa,yes,ethiopia,0,0,0,0,0,0,0,0,0,0,0,0,0,0,0,0,0,1,0,0,0,0,0,0,0,0,0,0,0,0,0,0,0,0,0,0,0,0,0,0,0,0,0,0,0,0,0,0,0,0,masters_surgery,NA,national,NA,2019,academic_faculty,NA,burns;hand;trauma;pediatric;general_reconstructive,1,0,1,0,1,0,1,0,1,0,NA,yes,2,Yekatit 12 hospital medical college,Yekatit 12 hospital medical college,routinely,routinely,routinely,routinely,routinely,not_performed,routinely,routinely,routinely,not_performed,routinely,routinely,routinely,routinely,routinely,routinely,rarely,rarely,gt1000,burns;cleft;hand,1,0,0,1,0,1,0,0,0,0,NA,consistently,consistently,consistently,consistently,consistently,consistently,intermittently,consistently,consistently,consistently,consistently,consistently,not_available,consistently,consistently,consistently,intermittently,not_available,not_available,consistently,consistently,consistently,consistently,consistently,consistently,not_available,not_available,intermittently,consistently,consistently,intermittently,intermittently,yes,no,NA,yes,"Guinea ,conacray 2023",no,yes,Would be happy if i get training on aesthetic surgery because i had no chance during my whole training .i will be happy to have such training and make it part of my routine job,yes,I thank 2nd chance for all the hard work to improve the reconstructive surgery in the continentand i  suggest it will be great if 2nd chance in the future plan to train some surgeons in the continent in the area of aesthetic surgery,7
1e87209544f45cfa33231ba68b81009c02d7724975cbc87e91303410eb334579,2026-09-29T13:47:44Z,2026-09-29T14:28:45Z,2026-09-29,ee.kobotoolbox.org:vYB3Nd0RMg63R5RU,yes,male,30-39,Ethiopia,Addis Ababa,yes,ethiopia,0,0,0,0,0,0,0,0,0,0,0,0,0,0,0,0,0,1,0,0,0,0,0,0,0,0,0,0,0,0,0,0,0,0,0,0,0,0,0,0,0,0,0,0,0,0,0,0,0,0,surgical_fellowship,NA,cosecsa,NA,2023,consultant,NA,craniofacial;general_reconstructive,0,1,0,0,0,0,0,0,1,0,NA,yes,3,Saint Paul's hospital millennium medical college,Saint Paul's hospital millennium medical college,routinely,routinely,routinely,routinely,routinely,not_performed,routinely,routinely,routinely,occasionally,routinely,routinely,routinely,routinely,routinely,routinely,occasionally,occasionally,gt1000,burns;acute_trauma;hand,1,1,0,0,0,1,0,0,0,0,NA,consistently,consistently,consistently,consistently,consistently,consistently,intermittently,consistently,consistently,consistently,consistently,consistently,intermittently,consistently,consistently,consistently,consistently,not_available,intermittently,consistently,consistently,consistently,consistently,consistently,consistently,consistently,consistently,consistently,consistently,consistently,consistently,intermittently,yes,yes,Annual microsurgery visiting professorship,yes,"2023 tumbi, Tanzania and 2023 arbaminch Ethiopia",yes,yes,Subspecialty fellowship in craniofacial surgery,yes,NA,3
910290484269cdef8ab936b662efa7829db758e031c0bcebd4d8d25bd0d2042e,2026-09-29T16:24:48Z,2026-09-29T20:10:50Z,2026-09-29,ee.kobotoolbox.org:xONTV2cc5EdmAp2d,yes,male,30-39,Ethiopia,Addis Ababa,yes,angola;ethiopia,1,0,0,0,0,0,0,0,0,0,0,0,0,0,0,0,0,1,0,0,0,0,0,0,0,0,0,0,0,0,0,0,0,0,0,0,0,0,0,0,0,0,0,0,0,0,0,0,0,0,surgical_fellowship,NA,national,NA,2025,consultant,NA,hand;trauma;oncoplastic;general_reconstructive,0,0,1,0,1,0,0,1,1,0,NA,no,NA,NA,Dessie Hospital,routinely,routinely,routinely,routinely,occasionally,not_performed,routinely,routinely,occasionally,not_performed,routinely,routinely,occasionally,routinely,routinely,occasionally,not_performed,rarely,251_500,acute_trauma;scar_revision;hand,0,1,1,0,0,1,0,0,0,0,NA,intermittently,intermittently,intermittently,intermittently,intermittently,intermittently,not_available,intermittently,consistently,intermittently,intermittently,consistently,not_available,not_available,consistently,not_available,not_available,not_available,not_available,intermittently,consistently,consistently,intermittently,consistently,not_available,not_available,not_available,intermittently,intermittently,consistently,intermittently,intermittently,no,no,NA,yes,"I participated in Basic reconstructive surgery workshop in Guinea,  February 2024",no,yes,"Breast reconstruction (both Augmentation and reduction), Body contouring, Facial aesthetic procedures, Brachial plexus repair and related procedures",yes,I would like to participate in 2nd Chance association missions and want to establish institutional collaborations with the association since 2nd chance association has the capacity to support and enhance plastic and reconstructive surgical survices,1
5044288ba18930b8e0657d94aa082966d34515adc03f64cf975bc3253c62f509,2026-09-30T12:08:11Z,2026-09-30T12:21:49Z,2026-09-30,ee.kobotoolbox.org:oN4QF9r3xFgcmAz5,yes,male,<30,Somalia,Mogadishu,yes,somalia,0,0,0,0,0,0,0,0,0,0,0,0,0,0,0,0,0,0,0,0,0,0,0,0,0,0,0,0,0,0,0,0,0,0,0,0,0,0,0,0,1,0,0,0,0,0,0,0,0,0,surgical_membership,NA,cosecsa,NA,2026,resident,NA,burns;craniofacial;hand;trauma;pediatric;general_reconstructive,1,1,1,0,1,0,1,0,1,0,NA,no,NA,NA,Kalkaal hospital,routinely,occasionally,routinely,routinely,occasionally,rarely,routinely,routinely,routinely,not_performed,occasionally,occasionally,occasionally,routinely,routinely,routinely,rarely,rarely,101_250,burns;acute_trauma;cleft,1,1,0,1,0,0,0,0,0,0,NA,consistently,consistently,consistently,consistently,consistently,consistently,intermittently,consistently,consistently,consistently,consistently,intermittently,intermittently,not_available,consistently,consistently,intermittently,not_available,not_available,intermittently,consistently,consistently,consistently,consistently,not_available,intermittently,intermittently,consistently,consistently,consistently,consistently,consistently,no,yes,Cleft lip and palate outreach,yes,Basic reconstructive surgery workshop in Uganda 2024 Kirudu hospital,no,yes,Micro surgery and burn unit (dedicated team for burn care ),no,NA,0
43adbf36624a20ca158875b1b7f64a50d8501c98e0febdbf15054477fecdfd45,2026-09-30T15:18:38Z,2026-09-30T15:28:44Z,2026-09-30,ee.kobotoolbox.org:IkklW1CYtCrCo8Eq,yes,female,30-39,Rwanda,Kigali,yes,rwanda,0,0,0,0,0,0,0,0,0,0,0,0,0,0,0,0,0,0,0,0,0,0,0,0,0,0,0,0,0,0,0,0,0,0,0,1,0,0,0,0,0,0,0,0,0,0,0,0,0,0,surgical_membership,NA,cosecsa,NA,2023,resident,NA,other,0,0,0,0,0,0,0,0,0,1,Still a resident/FCS1,no,NA,NA,Chuk,routinely,routinely,routinely,routinely,routinely,routinely,routinely,routinely,routinely,not_performed,routinely,routinely,routinely,routinely,routinely,rarely,routinely,not_performed,251_500,burns;acute_trauma;scar_revision,1,1,1,0,0,0,0,0,0,0,NA,consistently,consistently,consistently,consistently,intermittently,consistently,not_available,consistently,consistently,consistently,intermittently,intermittently,consistently,intermittently,consistently,consistently,intermittently,intermittently,not_available,consistently,consistently,consistently,intermittently,consistently,intermittently,not_available,not_available,consistently,consistently,consistently,consistently,consistently,yes,yes,"Burn, craniofacial, microsurgery",yes,June 2026 Kenya Eldoret,yes,yes,Clefts and burn reconstruction,no,Thank you for giving us the opportunity to learn,3
8a97aa65303147fd3ca27c674d11e3f2e7d05f2cfba48f5af4824f251e747783,2026-09-30T16:12:55Z,2026-09-30T16:25:53Z,2026-09-30,ee.kobotoolbox.org:eMA8DXWjSjpFDebc,yes,male,30-39,Kenya,Kijabe,yes,kenya,0,0,0,0,0,0,0,0,0,0,0,0,0,0,0,0,0,0,0,0,0,0,0,1,0,0,0,0,0,0,0,0,0,0,0,0,0,0,0,0,0,0,0,0,0,0,0,0,0,0,masters_surgery,NA,other,Mmed gen surg currently a fellow,2026,resident,NA,general_reconstructive,0,0,0,0,0,0,0,0,1,0,NA,no,NA,NA,Kijabe hospital,routinely,routinely,occasionally,routinely,routinely,not_performed,routinely,routinely,routinely,occasionally,routinely,routinely,occasionally,routinely,routinely,occasionally,occasionally,rarely,501_1000,burns,1,0,0,0,0,0,0,0,0,0,NA,consistently,consistently,consistently,consistently,intermittently,consistently,consistently,consistently,consistently,consistently,consistently,consistently,consistently,intermittently,intermittently,intermittently,intermittently,not_available,intermittently,not_available,consistently,consistently,consistently,consistently,intermittently,intermittently,not_available,consistently,consistently,consistently,intermittently,intermittently,yes,yes,"Operation smile, other universities",yes,Tumbi hospital 2026,yes,yes,Reconstructive,no,No,0
2abc19908558507922d691eba370e5f01717d05303562fc2f5dcf0de72ee2459,2026-09-30T17:35:25Z,2026-09-30T18:17:12Z,2026-09-29,ee.kobotoolbox.org:cQu1j6h34aTSpdxJ,yes,female,30-39,RWANDA,KIGALI,yes,rwanda,0,0,0,0,0,0,0,0,0,0,0,0,0,0,0,0,0,0,0,0,0,0,0,0,0,0,0,0,0,0,0,0,0,0,0,1,0,0,0,0,0,0,0,0,0,0,0,0,0,0,surgical_membership,NA,cosecsa,NA,2026,resident,NA,general_reconstructive,0,0,0,0,0,0,0,0,1,0,NA,yes,3,CHUK,CHUK,routinely,routinely,routinely,routinely,routinely,routinely,routinely,routinely,routinely,occasionally,routinely,routinely,routinely,rarely,rarely,occasionally,occasionally,not_performed,gt1000,burns;acute_trauma;hand,1,1,0,0,0,1,0,0,0,0,NA,consistently,consistently,consistently,consistently,consistently,consistently,consistently,consistently,consistently,consistently,consistently,consistently,consistently,consistently,consistently,consistently,consistently,consistently,consistently,consistently,consistently,consistently,consistently,consistently,consistently,consistently,not_available,consistently,consistently,consistently,consistently,consistently,yes,yes,"HAND, CRANIOFACIAL, BURN, HYPOSPADIAS, CLEFT LIP AND PALATE,  BREAST AND RECONSTRUCTION",yes,"TANZANIA - 2025, KENYA-2026",yes,yes,"HAND, MAXILLOFACIAL, BREAST, BURN, CLEFT LIP AND PALATE",yes,WOULD REQUEST FOR 2ND CHANCE TO REACH AT KIGALI-RWANDA IN COMING DAYS. AND ALSO TO GIVE MORE CHANCE TO ATTEND SEVERAL WORKSHOPS TO THOSE NEED BECAUSE TO SOME OF US ITS SO HELPFULL.,0
17f04af1aa17e7a9e294f1534e04863f5963c9ba318dab6e46c2b385b834e6aa,2026-09-30T18:12:18Z,2026-09-30T18:35:14Z,2026-09-30,ee.kobotoolbox.org:RzpQSGr3pRByNvNn,yes,male,30-39,Uganda,Kampala,yes,uganda,0,0,0,0,0,0,0,0,0,0,0,0,0,0,0,0,0,0,0,0,0,0,0,0,0,0,0,0,0,0,0,0,0,0,0,0,0,0,0,0,0,0,0,0,0,0,1,0,0,0,surgical_membership,NA,cosecsa,NA,2024,fellow,NA,general_reconstructive,0,0,0,0,0,0,0,0,1,0,NA,no,NA,NA,Mulago Hospital,routinely,occasionally,routinely,routinely,occasionally,rarely,routinely,routinely,routinely,not_performed,occasionally,occasionally,occasionally,occasionally,occasionally,occasionally,occasionally,rarely,gt1000,burns;scar_revision;cancer,1,0,1,0,0,0,1,0,0,0,NA,consistently,consistently,consistently,consistently,consistently,intermittently,intermittently,consistently,consistently,consistently,consistently,consistently,intermittently,intermittently,consistently,consistently,consistently,intermittently,intermittently,not_available,consistently,consistently,consistently,consistently,intermittently,not_available,not_available,consistently,consistently,consistently,consistently,consistently,yes,no,NA,yes,WORKSHOP IN KENYA ELDORET AS TRAINEE,yes,yes,"microsurgery ,hand surgery",yes,NA,2
a274017285ce026bdac626cf912dd19d9992a2c93e6d1ad4988abfb97ee28be6,2026-09-30T19:03:23Z,2026-09-30T19:12:47Z,2026-09-30,ee.kobotoolbox.org:9oRZorrFfmQkyNWR,yes,male,<30,Rwanda,G Y,yes,rwanda,0,0,0,0,0,0,0,0,0,0,0,0,0,0,0,0,0,0,0,0,0,0,0,0,0,0,0,0,0,0,0,0,0,0,0,1,0,0,0,0,0,0,0,0,0,0,0,0,0,0,primary_medical_degree,NA,national,NA,2024,resident,NA,burns;hand;microsurgery;aesthetic;general_reconstructive,1,0,1,1,0,1,0,0,1,0,NA,no,NA,NA,University teaching hospital of Kigali,routinely,routinely,routinely,routinely,routinely,not_performed,routinely,routinely,routinely,not_performed,routinely,routinely,occasionally,occasionally,routinely,rarely,occasionally,rarely,gt1000,burns;acute_trauma;hand,1,1,0,0,0,1,0,0,0,0,NA,consistently,consistently,consistently,consistently,intermittently,consistently,consistently,consistently,consistently,consistently,consistently,consistently,consistently,consistently,intermittently,intermittently,intermittently,intermittently,intermittently,consistently,consistently,consistently,consistently,consistently,consistently,consistently,consistently,consistently,consistently,consistently,consistently,consistently,yes,yes,Visiting professorship,yes,"Late May ,Tumbi Hospital",yes,yes,External rotation,no,Thank you,2
cc755dca273f5c581622f16019f2f412c74af10b2cfa2c2a3e339953bc742f07,2026-09-30T20:20:24Z,2026-09-30T20:45:46Z,2026-09-30,ee.kobotoolbox.org:3ObSF2kIHIGGcwKk,yes,female,30-39,Rwanda,Kigali,yes,rwanda,0,0,0,0,0,0,0,0,0,0,0,0,0,0,0,0,0,0,0,0,0,0,0,0,0,0,0,0,0,0,0,0,0,0,0,1,0,0,0,0,0,0,0,0,0,0,0,0,0,0,surgical_membership,NA,cosecsa,NA,2022,resident,NA,other,0,0,0,0,0,0,0,0,0,1,general Plastic surgery,yes,2,university teaching hospital of kigali,university teaching hospital of kigali,routinely,routinely,routinely,routinely,routinely,occasionally,routinely,routinely,routinely,occasionally,routinely,routinely,occasionally,routinely,routinely,occasionally,routinely,occasionally,501_1000,burns;acute_trauma;hand,1,1,0,0,0,1,0,0,0,0,NA,consistently,consistently,consistently,consistently,consistently,consistently,consistently,consistently,consistently,consistently,consistently,consistently,not_available,intermittently,consistently,consistently,consistently,not_available,intermittently,consistently,consistently,consistently,consistently,consistently,consistently,consistently,intermittently,consistently,consistently,consistently,consistently,consistently,yes,yes,"operation smile teams, SHARE global fellowship teams and American college of surgeons teams",yes,Togo in 2024,yes,yes,Asthestic cases,yes,NA,4
b4d602873bc3badec6ed82c00cfe0f712878c7d25f5864dd252228d864d02d13,2026-10-01T13:38:35Z,2026-10-01T14:04:49Z,2026-10-01,ee.kobotoolbox.org:iEikTFkI4Hi2voEQ,yes,female,40-49,DR CONGO,Kinshasa,yes,democratic_republic_of_the_congo,0,0,0,0,0,0,0,0,0,0,0,1,0,0,0,0,0,0,0,0,0,0,0,0,0,0,0,0,0,0,0,0,0,0,0,0,0,0,0,0,0,0,0,0,0,0,0,0,0,0,surgical_membership,NA,cosecsa,NA,2026,resident,NA,burns;pediatric,1,0,0,0,0,0,1,0,0,0,NA,no,NA,NA,KALEMBELEMBE PEDIATRIC HOSPITAL,routinely,not_performed,rarely,rarely,rarely,not_performed,occasionally,rarely,not_performed,not_performed,not_performed,not_performed,rarely,occasionally,occasionally,not_performed,not_performed,not_performed,lt50,burns,1,0,0,0,0,0,0,0,0,0,NA,consistently,consistently,intermittently,not_available,intermittently,not_available,not_available,not_available,consistently,consistently,not_available,intermittently,consistently,not_available,not_available,not_available,consistently,not_available,not_available,consistently,consistently,consistently,consistently,consistently,not_available,not_available,not_available,intermittently,consistently,consistently,intermittently,not_available,no,no,NA,yes,TUMBI HOSPITAL Tanzania 2026,no,yes,"On contracture release: flaps and skin graft,  also proper burn injury care",yes,No comment,0
