"start";"end";"today";"deviceid";"logos_note";"info_intro";"info_contact";"consent_header";"consent";"consent_declined";"Email";"gender";"age_group";"country_practice";"city_practice";"practicing_ssa";"Thank_you_for_your_i_s_study_at_this_time";"country_currently";"country_currently/angola";"country_currently/benin";"country_currently/botswana";"country_currently/burkina_faso";"country_currently/burundi";"country_currently/cabo_verde";"country_currently/cameroon";"country_currently/central_african_republic";"country_currently/chad";"country_currently/comoros";"country_currently/congo_republic_of_the";"country_currently/democratic_republic_of_the_congo";"country_currently/cote_divoire";"country_currently/djibouti";"country_currently/equatorial_guinea";"country_currently/eritrea";"country_currently/eswatini";"country_currently/ethiopia";"country_currently/gabon";"country_currently/gambia";"country_currently/ghana";"country_currently/guinea";"country_currently/guinea-bissau";"country_currently/kenya";"country_currently/lesotho";"country_currently/liberia";"country_currently/madagascar";"country_currently/malawi";"country_currently/mali";"country_currently/mauritania";"country_currently/mauritius";"country_currently/mozambique";"country_currently/namibia";"country_currently/niger";"country_currently/nigeria";"country_currently/rwanda";"country_currently/sao_tome_and_principe";"country_currently/senegal";"country_currently/seychelles";"country_currently/sierra_leone";"country_currently/somalia";"country_currently/south_africa";"country_currently/south_sudan";"country_currently/sudan";"country_currently/tanzania";"country_currently/togo";"country_currently/uganda";"country_currently/zambia";"country_currently/zimbabwe";"country_currently/other";"qualification";"qualification_other";"accreditation_body";"accreditation_other";"accreditation_year";"position";"position_other";"subspecialty";"subspecialty/burns";"subspecialty/craniofacial";"subspecialty/hand";"subspecialty/microsurgery";"subspecialty/trauma";"subspecialty/aesthetic";"subspecialty/pediatric";"subspecialty/oncoplastic";"subspecialty/general_reconstructive";"subspecialty/other";"subspecialty_other";"multiple_facilities";"num_facilities";"note_practice_workforce";"largest_case_facility";"main_facility_name";"note_main_facility";"wound_debridement";"skin_lesion_excision";"burn_excision";"burn_reconstruction";"contracture_release";"skin_substitute_app";"stsg";"ftsg";"local_pedicled_flaps";"microvascular_surgery";"hand_surgery_proc";"tendon_repair";"amputation";"cleft_lip_repair";"cleft_palate_repair";"craniofacial_recon";"breast_reconstruction";"cosmetic_surgery";"annual_recon_volume";"workload_categories";"workload_categories/burns";"workload_categories/acute_trauma";"workload_categories/scar_revision";"workload_categories/cleft";"workload_categories/craniofacial";"workload_categories/hand";"workload_categories/cancer";"workload_categories/breast";"workload_categories/aesthetic";"workload_categories/other";"workload_other";"infra_electricity";"infra_water";"infra_oxygen";"infra_blood_bank";"infra_icu";"infra_physio";"infra_ot_therapy";"infra_histopath";"infra_xray";"infra_ultrasound";"infra_ct";"infra_dedicated_or";"infra_temp_or";"infra_warming";"eq_dermatome";"eq_skin_mesher";"eq_burn_dressings";"eq_skin_substitutes";"eq_npwt";"eq_electrosurgical";"eq_sterilization";"eq_anesthesia";"eq_ventilator";"eq_pulse_oximeter";"eq_loupes";"eq_microsurgical";"eq_microscope";"eq_sutures";"eq_iv_fluids";"eq_catheters";"eq_tourniquets";"eq_splinting";"trains_residents";"hosts_outreach";"please_specify_which_outreach_teams";"second_chance_mission";"second_chance_specify";"cpd_available";"training_needs";"training_needs_specify";"knows_other_surgeons";"comments_suggestions";"closing_note";"_id";"_uuid";"_submission_time";"_validation_status";"_status";"_submitted_by";"__version__";"meta/rootUuid";"_index"
"2026-08-28T13:55:39.940-00:00";"2026-08-28T14:12:45.046-00:00";"2026-08-28";"ee.kobotoolbox.org:tFD0X21p4OHYF0F1";"";"";"";"";"yes";"";"alain.amouzou@gmail.com";"male";"50_59";"Togo";"Lome";"yes";"";"togo";"0";"0";"0";"0";"0";"0";"0";"0";"0";"0";"0";"0";"0";"0";"0";"0";"0";"0";"0";"0";"0";"0";"0";"0";"0";"0";"0";"0";"0";"0";"0";"0";"0";"0";"0";"0";"0";"0";"0";"0";"0";"0";"0";"0";"0";"1";"0";"0";"0";"0";"doctoral_degree";"";"international";"";"2020";"academic_faculty";"";"burns craniofacial hand microsurgery trauma aesthetic pediatric oncoplastic general_reconstructive";"1";"1";"1";"1";"1";"1";"1";"1";"1";"0";"";"yes";"3";"";"CHUSO";"CHUSO";"";"routinely";"routinely";"routinely";"routinely";"routinely";"routinely";"routinely";"routinely";"routinely";"routinely";"routinely";"routinely";"routinely";"routinely";"routinely";"rarely";"occasionally";"rarely";"101_250";"burns acute_trauma hand";"1";"1";"0";"0";"0";"1";"0";"0";"0";"0";"";"consistently";"consistently";"consistently";"consistently";"consistently";"consistently";"intermittently";"consistently";"consistently";"consistently";"consistently";"intermittently";"consistently";"consistently";"consistently";"consistently";"consistently";"intermittently";"intermittently";"consistently";"consistently";"consistently";"consistently";"consistently";"consistently";"consistently";"intermittently";"consistently";"consistently";"consistently";"consistently";"intermittently";"no";"yes";"2nd Chance, GIPH";"yes";"march 2025, Lome, Togo";"no";"yes";"Esthetic facial plastic surgery";"no";"NA";"";"852528874";"48036c35-0512-4699-89ee-0c330789db75";"2026-08-28T14:12:45";"";"submitted_via_web";"";"vMtPt6bbiCK3jDXqUDy2hm";"uuid:48036c35-0512-4699-89ee-0c330789db75";"1"
"2026-09-03T16:21:05.612+03:00";"2026-09-03T16:31:04.573+03:00";"2026-09-03";"ee.kobotoolbox.org:yxaZadfeunE2raaX";"";"";"";"";"yes";"";"George.galiwango@gmail.com";"male";"40_49";"Uganda";"Kampala";"yes";"";"uganda";"0";"0";"0";"0";"0";"0";"0";"0";"0";"0";"0";"0";"0";"0";"0";"0";"0";"0";"0";"0";"0";"0";"0";"0";"0";"0";"0";"0";"0";"0";"0";"0";"0";"0";"0";"0";"0";"0";"0";"0";"0";"0";"0";"0";"0";"0";"1";"0";"0";"0";"surgical_fellowship";"";"cosecsa";"";"2009";"dept_head";"";"burns craniofacial hand microsurgery trauma aesthetic pediatric oncoplastic general_reconstructive";"1";"1";"1";"1";"1";"1";"1";"1";"1";"0";"";"yes";"2";"";"CORSU";"CORSU";"";"routinely";"occasionally";"rarely";"routinely";"routinely";"rarely";"routinely";"routinely";"routinely";"occasionally";"routinely";"occasionally";"occasionally";"routinely";"routinely";"occasionally";"rarely";"rarely";"gt1000";"scar_revision cleft hand";"0";"0";"1";"1";"0";"1";"0";"0";"0";"0";"";"consistently";"consistently";"consistently";"not_available";"not_available";"consistently";"consistently";"not_available";"consistently";"consistently";"not_available";"consistently";"consistently";"intermittently";"consistently";"intermittently";"intermittently";"not_available";"consistently";"consistently";"consistently";"consistently";"consistently";"consistently";"consistently";"consistently";"consistently";"consistently";"consistently";"consistently";"consistently";"consistently";"yes";"no";"";"no";"";"yes";"yes";"Aesthetic surgery";"yes";"Nothing";"";"857637566";"29b1ab33-430b-43c3-8467-9c47c9232339";"2026-09-03T13:31:05";"";"submitted_via_web";"";"vRMednGrmJi94rgdpnZnZd";"uuid:29b1ab33-430b-43c3-8467-9c47c9232339";"2"
"2026-09-03T14:19:26.479+01:00";"2026-09-03T14:37:02.393+01:00";"2026-09-03";"ee.kobotoolbox.org:Uam9rTCwWjQfC3V6";"";"";"";"";"yes";"";"aranmolate2001@yahoo.com";"male";"40_49";"Nigeria";"Lagos";"yes";"";"nigeria";"0";"0";"0";"0";"0";"0";"0";"0";"0";"0";"0";"0";"0";"0";"0";"0";"0";"0";"0";"0";"0";"0";"0";"0";"0";"0";"0";"0";"0";"0";"0";"0";"0";"0";"1";"0";"0";"0";"0";"0";"0";"0";"0";"0";"0";"0";"0";"0";"0";"0";"surgical_fellowship";"";"wacs";"";"2013";"consultant";"";"burns hand aesthetic";"1";"0";"1";"0";"0";"1";"0";"0";"0";"0";"";"yes";"4";"";"Grandville Medical and Laser Lekki";"Grandville Medical and Laser Lekki";"";"routinely";"rarely";"rarely";"rarely";"rarely";"not_performed";"rarely";"rarely";"rarely";"not_performed";"occasionally";"occasionally";"not_performed";"routinely";"routinely";"rarely";"rarely";"routinely";"lt50";"scar_revision cleft aesthetic";"0";"0";"1";"1";"0";"0";"0";"0";"1";"0";"";"consistently";"consistently";"consistently";"consistently";"consistently";"consistently";"consistently";"consistently";"consistently";"consistently";"consistently";"consistently";"consistently";"consistently";"consistently";"intermittently";"consistently";"not_available";"consistently";"consistently";"consistently";"consistently";"consistently";"consistently";"not_available";"not_available";"not_available";"consistently";"consistently";"consistently";"consistently";"consistently";"yes";"no";"";"no";"";"yes";"yes";"Training is continuous learning and improvement. The same with new concept of robotics use in plastic surgery.";"no";"No";"";"857647797";"70aa1be9-5887-481b-a07d-087b0097c83d";"2026-09-03T13:37:03";"";"submitted_via_web";"";"vRMednGrmJi94rgdpnZnZd";"uuid:70aa1be9-5887-481b-a07d-087b0097c83d";"3"
"2026-09-03T16:38:11.315+03:00";"2026-09-03T17:06:25.790+03:00";"2026-09-03";"ee.kobotoolbox.org:j8gQ9p3AMjzobSYg";"";"";"";"";"yes";"";"yardomed@gmail.com";"male";"40_49";"Ethiopia";"Addis Ababa";"yes";"";"ethiopia";"0";"0";"0";"0";"0";"0";"0";"0";"0";"0";"0";"0";"0";"0";"0";"0";"0";"1";"0";"0";"0";"0";"0";"0";"0";"0";"0";"0";"0";"0";"0";"0";"0";"0";"0";"0";"0";"0";"0";"0";"0";"0";"0";"0";"0";"0";"0";"0";"0";"0";"masters_surgery";"";"national";"";"2019";"consultant";"";"general_reconstructive";"0";"0";"0";"0";"0";"0";"0";"0";"1";"0";"";"yes";"4";"";"ALERT COMPREHENSIVE SPECIALIZED HOSPITAL";"ALERT COMPREHENSIVE SPECIALIZED HOSPITAL";"";"routinely";"routinely";"occasionally";"routinely";"routinely";"not_performed";"routinely";"routinely";"routinely";"occasionally";"routinely";"routinely";"routinely";"routinely";"occasionally";"routinely";"rarely";"rarely";"gt1000";"hand cancer";"0";"0";"0";"0";"0";"1";"1";"0";"0";"0";"";"consistently";"consistently";"consistently";"consistently";"consistently";"consistently";"consistently";"consistently";"consistently";"consistently";"consistently";"consistently";"consistently";"intermittently";"consistently";"consistently";"consistently";"not_available";"not_available";"consistently";"consistently";"consistently";"consistently";"consistently";"consistently";"consistently";"consistently";"consistently";"consistently";"consistently";"consistently";"consistently";"yes";"yes";"2nd chance, BFIRST,Resurg";"yes";"Togo,Lome, 2025,Kigali, 2017,Addis Ababa, 2019";"yes";"yes";"Aesthetician surgery like breast augmentation and also facial plastic surgery";"yes";"No";"";"857695060";"bb0f9941-f96b-4aa0-87af-0d24c3cdbe57";"2026-09-03T14:06:26";"";"submitted_via_web";"";"vRMednGrmJi94rgdpnZnZd";"uuid:bb0f9941-f96b-4aa0-87af-0d24c3cdbe57";"4"
"2026-09-03T17:05:19.298+03:00";"2026-09-03T17:14:57.899+03:00";"2026-09-03";"ee.kobotoolbox.org:eZ886DdqAOcdTzBG";"";"";"";"";"yes";"";"nebiyouermias4@gmail.com";"male";"30_39";"Kenya";"Kijabe";"yes";"";"kenya";"0";"0";"0";"0";"0";"0";"0";"0";"0";"0";"0";"0";"0";"0";"0";"0";"0";"0";"0";"0";"0";"0";"0";"1";"0";"0";"0";"0";"0";"0";"0";"0";"0";"0";"0";"0";"0";"0";"0";"0";"0";"0";"0";"0";"0";"0";"0";"0";"0";"0";"surgical_fellowship";"";"cosecsa";"";"2026";"consultant";"";"general_reconstructive";"0";"0";"0";"0";"0";"0";"0";"0";"1";"0";"";"no";"";"";"";"AIC Kijabe Hospital";"";"routinely";"routinely";"routinely";"routinely";"routinely";"routinely";"routinely";"routinely";"routinely";"rarely";"routinely";"routinely";"routinely";"routinely";"routinely";"routinely";"occasionally";"rarely";"501_1000";"acute_trauma cleft hand";"0";"1";"0";"1";"0";"1";"0";"0";"0";"0";"";"consistently";"consistently";"consistently";"intermittently";"consistently";"consistently";"consistently";"consistently";"consistently";"consistently";"consistently";"consistently";"consistently";"consistently";"consistently";"consistently";"consistently";"not_available";"consistently";"consistently";"consistently";"consistently";"consistently";"consistently";"consistently";"intermittently";"not_available";"consistently";"consistently";"consistently";"consistently";"consistently";"yes";"yes";"Ohana One, Op smile, smile train, and visting professors from teahing hospitals in the USA";"no";"";"yes";"yes";"a microsurgery felloship to grow the microsurgery services in our hospital";"no";"";"";"857705698";"f9f1183c-5670-4f03-96ee-953cf8c9c42a";"2026-09-03T14:14:59";"";"submitted_via_web";"";"vRMednGrmJi94rgdpnZnZd";"uuid:f9f1183c-5670-4f03-96ee-953cf8c9c42a";"5"
"2026-09-03T16:25:51.731+02:00";"2026-09-03T16:26:22.331+02:00";"2026-09-03";"ee.kobotoolbox.org:XrpzQSIZCSVugXqD";"";"";"";"";"yes";"";"faithrutendo65@gmail.com";"female";"30_39";"Zimbabwe";"Harare";"no";"";"";"";"";"";"";"";"";"";"";"";"";"";"";"";"";"";"";"";"";"";"";"";"";"";"";"";"";"";"";"";"";"";"";"";"";"";"";"";"";"";"";"";"";"";"";"";"";"";"";"";"";"";"";"";"";"";"";"";"";"";"";"";"";"";"";"";"";"";"";"";"";"";"";"";"";"";"";"";"";"";"";"";"";"";"";"";"";"";"";"";"";"";"";"";"";"";"";"";"";"";"";"";"";"";"";"";"";"";"";"";"";"";"";"";"";"";"";"";"";"";"";"";"";"";"";"";"";"";"";"";"";"";"";"";"";"";"";"";"";"";"";"";"";"";"";"";"";"";"";"";"857720546";"a225d2cf-30f2-4250-9fe3-b2d2858e771b";"2026-09-03T14:26:22";"";"submitted_via_web";"";"vRMednGrmJi94rgdpnZnZd";"uuid:a225d2cf-30f2-4250-9fe3-b2d2858e771b";"6"
"2026-09-03T20:02:12.273+03:00";"2026-09-03T20:12:33.105+03:00";"2026-09-03";"ee.kobotoolbox.org:yKG4zVv20a9pAKCc";"";"";"";"";"yes";"";"nebabadi2015@gmail.com";"female";"30_39";"Ethiopia";"Addis Ababa";"yes";"";"malawi";"0";"0";"0";"0";"0";"0";"0";"0";"0";"0";"0";"0";"0";"0";"0";"0";"0";"0";"0";"0";"0";"0";"0";"0";"0";"0";"0";"1";"0";"0";"0";"0";"0";"0";"0";"0";"0";"0";"0";"0";"0";"0";"0";"0";"0";"0";"0";"0";"0";"0";"surgical_fellowship";"";"national";"";"2020";"consultant";"";"general_reconstructive";"0";"0";"0";"0";"0";"0";"0";"0";"1";"0";"";"no";"";"";"";"KCH";"";"routinely";"routinely";"routinely";"routinely";"routinely";"not_performed";"routinely";"routinely";"occasionally";"not_performed";"occasionally";"rarely";"routinely";"routinely";"routinely";"rarely";"occasionally";"rarely";"501_1000";"burns scar_revision cleft";"1";"0";"1";"1";"0";"0";"0";"0";"0";"0";"";"consistently";"consistently";"consistently";"consistently";"consistently";"intermittently";"intermittently";"intermittently";"intermittently";"intermittently";"intermittently";"consistently";"intermittently";"intermittently";"consistently";"consistently";"consistently";"not_available";"not_available";"consistently";"consistently";"consistently";"consistently";"consistently";"not_available";"not_available";"not_available";"consistently";"consistently";"consistently";"not_available";"consistently";"no";"yes";"operationSmile";"yes";"Tanzania, 2021";"no";"yes";"Microsurgery";"no";"";"";"857976756";"a119c779-05ee-40c4-a8ff-5270d8da3420";"2026-09-03T17:12:33";"";"submitted_via_web";"";"vRMednGrmJi94rgdpnZnZd";"uuid:a119c779-05ee-40c4-a8ff-5270d8da3420";"7"
"2026-09-03T20:37:43.601+02:00";"2026-09-03T21:11:28.621+02:00";"2026-09-03";"ee.kobotoolbox.org:YAdah1SNqqg10zzm";"";"";"";"";"yes";"";"mekazebiba@gmail.com";"female";"30_39";"ethiopia";"addis ababa";"yes";"";"ethiopia";"0";"0";"0";"0";"0";"0";"0";"0";"0";"0";"0";"0";"0";"0";"0";"0";"0";"1";"0";"0";"0";"0";"0";"0";"0";"0";"0";"0";"0";"0";"0";"0";"0";"0";"0";"0";"0";"0";"0";"0";"0";"0";"0";"0";"0";"0";"0";"0";"0";"0";"surgical_fellowship";"";"national";"";"2023";"consultant";"";"burns hand trauma oncoplastic general_reconstructive";"1";"0";"1";"0";"1";"0";"0";"1";"1";"0";"";"yes";"2";"";"Alert";"Alert";"";"routinely";"routinely";"routinely";"routinely";"routinely";"not_performed";"routinely";"routinely";"routinely";"occasionally";"routinely";"routinely";"routinely";"routinely";"routinely";"occasionally";"rarely";"not_performed";"gt1000";"hand other";"0";"0";"0";"0";"0";"1";"0";"0";"0";"1";"oncologic resection and reconstruction";"consistently";"consistently";"consistently";"consistently";"consistently";"consistently";"intermittently";"consistently";"consistently";"consistently";"consistently";"consistently";"not_available";"not_available";"consistently";"consistently";"consistently";"not_available";"not_available";"consistently";"consistently";"consistently";"consistently";"consistently";"intermittently";"consistently";"consistently";"consistently";"consistently";"consistently";"consistently";"consistently";"yes";"yes";"2nd chance resurge";"yes";"tanzania 2023may";"no";"yes";"microsurgery";"no";"May be support on training people in microsurgery";"";"858126712";"85ac6507-f4b0-4f13-997b-2c826e442556";"2026-09-03T19:11:29";"";"submitted_via_web";"";"vRMednGrmJi94rgdpnZnZd";"uuid:85ac6507-f4b0-4f13-997b-2c826e442556";"8"
"2026-09-03T20:05:01.756-00:00";"2026-09-03T20:31:48.059-00:00";"2026-09-03";"ee.kobotoolbox.org:M9bu0jKLamwK83R4";"";"";"";"";"yes";"";"kabalancine@gmail.com";"male";"50_59";"Côte d’Ivoire";"Bouaké";"yes";"";"cote_divoire";"0";"0";"0";"0";"0";"0";"0";"0";"0";"0";"0";"0";"1";"0";"0";"0";"0";"0";"0";"0";"0";"0";"0";"0";"0";"0";"0";"0";"0";"0";"0";"0";"0";"0";"0";"0";"0";"0";"0";"0";"0";"0";"0";"0";"0";"0";"0";"0";"0";"0";"surgical_membership";"";"other";"CAMES";"2007";"academic_faculty";"";"hand trauma";"0";"0";"1";"0";"1";"0";"0";"0";"0";"0";"";"yes";"3";"";"Institut Raoul Follereau de Cote D’ivoire";"Institut Raoul Follereau de Cote D’ivoire";"";"routinely";"occasionally";"occasionally";"routinely";"routinely";"not_performed";"routinely";"routinely";"routinely";"not_performed";"routinely";"routinely";"not_performed";"not_performed";"not_performed";"not_performed";"occasionally";"occasionally";"101_250";"acute_trauma scar_revision hand";"0";"1";"1";"0";"0";"1";"0";"0";"0";"0";"";"consistently";"consistently";"consistently";"consistently";"not_available";"not_available";"consistently";"not_available";"consistently";"not_available";"not_available";"consistently";"not_available";"consistently";"consistently";"intermittently";"consistently";"not_available";"consistently";"consistently";"consistently";"consistently";"intermittently";"consistently";"consistently";"not_available";"not_available";"consistently";"consistently";"consistently";"consistently";"consistently";"yes";"no";"";"yes";"2018, 2022 CHU Treichville Abidjan";"yes";"yes";"Suture training kits";"yes";"No";"";"858214149";"c088320b-8fc3-42e5-b01e-68f35a033f22";"2026-09-03T20:31:49";"";"submitted_via_web";"";"vRMednGrmJi94rgdpnZnZd";"uuid:c088320b-8fc3-42e5-b01e-68f35a033f22";"9"
"2026-09-04T06:39:47.633+03:00";"2026-09-04T06:52:32.287+03:00";"2026-09-04";"ee.kobotoolbox.org:FAvbBh3GZQ2Rutfp";"";"";"";"";"yes";"";"bahiziregauthierm@gmail.com";"male";"30_39";"DRC";"Bukavu";"yes";"";"uganda";"0";"0";"0";"0";"0";"0";"0";"0";"0";"0";"0";"0";"0";"0";"0";"0";"0";"0";"0";"0";"0";"0";"0";"0";"0";"0";"0";"0";"0";"0";"0";"0";"0";"0";"0";"0";"0";"0";"0";"0";"0";"0";"0";"0";"0";"0";"1";"0";"0";"0";"surgical_membership";"";"cosecsa";"";"2025";"resident";"";"burns hand trauma aesthetic pediatric oncoplastic general_reconstructive";"1";"0";"1";"0";"1";"1";"1";"1";"1";"0";"";"no";"";"";"";"Kiruddu National and Referral  Hospital";"";"routinely";"routinely";"routinely";"routinely";"routinely";"occasionally";"routinely";"routinely";"routinely";"not_performed";"routinely";"routinely";"routinely";"occasionally";"occasionally";"rarely";"routinely";"rarely";"gt1000";"burns acute_trauma scar_revision";"1";"1";"1";"0";"0";"0";"0";"0";"0";"0";"";"consistently";"consistently";"consistently";"consistently";"intermittently";"consistently";"consistently";"intermittently";"consistently";"consistently";"consistently";"consistently";"consistently";"consistently";"consistently";"consistently";"consistently";"intermittently";"consistently";"consistently";"consistently";"consistently";"consistently";"consistently";"intermittently";"not_available";"not_available";"consistently";"consistently";"consistently";"intermittently";"consistently";"yes";"yes";"Interplast, Resurge, Rotaplast, 2nd Chance ,";"yes";"Ghana, 2023. Tanzania 2025. Kenya 2026";"yes";"yes";"Microsurgery,  craniofacial and cleft, cosmetic plastic surgery";"no";"to provide more training amd research opportunities for residents";"";"858342312";"519129c1-05b4-42fd-a5b7-64bb459fb9a6";"2026-09-04T03:52:33";"";"submitted_via_web";"";"vRMednGrmJi94rgdpnZnZd";"uuid:519129c1-05b4-42fd-a5b7-64bb459fb9a6";"10"
"2026-09-04T09:41:43.420+02:00";"2026-09-04T13:00:50.367+02:00";"2026-09-04";"ee.kobotoolbox.org:zndJuvrfAHSn6yTl";"";"";"";"";"yes";"";"tuyizereg6@gmail.com";"male";"30_39";"RWANDA";"Kigali";"yes";"";"rwanda";"0";"0";"0";"0";"0";"0";"0";"0";"0";"0";"0";"0";"0";"0";"0";"0";"0";"0";"0";"0";"0";"0";"0";"0";"0";"0";"0";"0";"0";"0";"0";"0";"0";"0";"0";"1";"0";"0";"0";"0";"0";"0";"0";"0";"0";"0";"0";"0";"0";"0";"surgical_membership";"";"cosecsa";"";"2025";"resident";"";"general_reconstructive";"0";"0";"0";"0";"0";"0";"0";"0";"1";"0";"";"no";"";"";"";"CHUK";"";"routinely";"occasionally";"routinely";"occasionally";"occasionally";"routinely";"routinely";"routinely";"occasionally";"occasionally";"occasionally";"occasionally";"occasionally";"occasionally";"occasionally";"rarely";"occasionally";"rarely";"50_100";"burns acute_trauma scar_revision";"1";"1";"1";"0";"0";"0";"0";"0";"0";"0";"";"consistently";"consistently";"consistently";"consistently";"intermittently";"consistently";"not_available";"intermittently";"consistently";"consistently";"consistently";"consistently";"intermittently";"intermittently";"intermittently";"intermittently";"consistently";"intermittently";"intermittently";"intermittently";"consistently";"consistently";"consistently";"consistently";"intermittently";"intermittently";"not_available";"intermittently";"consistently";"consistently";"consistently";"consistently";"yes";"yes";"Operation smile team";"yes";"June 2025, Kenya";"no";"yes";"On cleft and palate repair, cosmetics and oncologis";"no";"This cross-sectional research offers valuable insights, particularly through its focus on sub-Saharan Africa, where public awareness of plastic and reconstructive surgery remains low. There is an urgent need for expanded outreach and advocacy to highlight the vital work of reconstructive surgeons. Furthermore, scaling up local surgical training programs and fostering international exchange partnerships will enable trainees to gain advanced clinical skills from leading centers around the world.";"";"858610151";"72760b93-75cd-4af5-a9f0-2fff4eda5240";"2026-09-04T11:00:51";"";"submitted_via_web";"";"vRMednGrmJi94rgdpnZnZd";"uuid:72760b93-75cd-4af5-a9f0-2fff4eda5240";"11"
"2026-09-06T23:15:45.974+03:00";"2026-09-06T23:29:38.475+03:00";"2026-09-06";"ee.kobotoolbox.org:JxN9r7lDGbZgrkTe";"";"";"";"";"yes";"";"johnbaptistssenyondwa@gmail.com";"male";"30_39";"Uganda";"Kampala";"yes";"";"uganda";"0";"0";"0";"0";"0";"0";"0";"0";"0";"0";"0";"0";"0";"0";"0";"0";"0";"0";"0";"0";"0";"0";"0";"0";"0";"0";"0";"0";"0";"0";"0";"0";"0";"0";"0";"0";"0";"0";"0";"0";"0";"0";"0";"0";"0";"0";"1";"0";"0";"0";"masters_surgery";"";"cosecsa";"";"2023";"fellow";"";"pediatric";"0";"0";"0";"0";"0";"0";"1";"0";"0";"0";"";"yes";"2";"";"Mulago National referral hospital";"Mulago National referral hospital";"";"routinely";"rarely";"rarely";"rarely";"occasionally";"not_performed";"routinely";"routinely";"routinely";"not_performed";"occasionally";"routinely";"routinely";"routinely";"routinely";"occasionally";"rarely";"occasionally";"101_250";"cleft";"0";"0";"0";"1";"0";"0";"0";"0";"0";"0";"";"consistently";"consistently";"consistently";"consistently";"intermittently";"consistently";"consistently";"consistently";"consistently";"consistently";"consistently";"intermittently";"intermittently";"intermittently";"consistently";"consistently";"consistently";"not_available";"intermittently";"consistently";"consistently";"consistently";"consistently";"consistently";"not_available";"not_available";"not_available";"consistently";"consistently";"consistently";"consistently";"consistently";"yes";"yes";"Smile Train";"yes";"Kenya in July 2026";"yes";"yes";"Cleft lip and reconstruction surgery";"yes";"Grateful for the lessons picked from the previous mission.";"";"860211108";"4182eb93-9a16-4391-82e7-62abb78659ad";"2026-09-06T20:29:30";"";"submitted_via_web";"";"vRMednGrmJi94rgdpnZnZd";"uuid:4182eb93-9a16-4391-82e7-62abb78659ad";"12"
"2026-09-13T13:36:03.554+02:00";"2026-09-13T13:55:37.996+02:00";"2026-09-13";"ee.kobotoolbox.org:cify7sl0wRCSWVWP";"";"";"";"";"yes";"";"gaserne@gmail.com";"male";"lt30";"Rwanda";"Kigali";"yes";"";"rwanda";"0";"0";"0";"0";"0";"0";"0";"0";"0";"0";"0";"0";"0";"0";"0";"0";"0";"0";"0";"0";"0";"0";"0";"0";"0";"0";"0";"0";"0";"0";"0";"0";"0";"0";"0";"1";"0";"0";"0";"0";"0";"0";"0";"0";"0";"0";"0";"0";"0";"0";"surgical_membership";"";"cosecsa";"";"2023";"resident";"";"general_reconstructive";"0";"0";"0";"0";"0";"0";"0";"0";"1";"0";"";"no";"";"";"";"CHUK";"";"routinely";"routinely";"routinely";"routinely";"routinely";"routinely";"routinely";"routinely";"routinely";"rarely";"routinely";"routinely";"routinely";"routinely";"routinely";"rarely";"routinely";"rarely";"251_500";"burns acute_trauma breast";"1";"1";"0";"0";"0";"0";"0";"1";"0";"0";"";"consistently";"consistently";"consistently";"consistently";"intermittently";"consistently";"intermittently";"consistently";"consistently";"consistently";"consistently";"consistently";"consistently";"consistently";"consistently";"consistently";"consistently";"consistently";"intermittently";"consistently";"consistently";"consistently";"consistently";"consistently";"intermittently";"consistently";"consistently";"consistently";"consistently";"consistently";"consistently";"consistently";"yes";"yes";"Operation smile";"yes";"2025: Namibia : OSHAKATI , 2026: Kenya: ELDORET";"yes";"yes";"After my graduation, I would like to further my learning by doing a fellowship in hand surgery - as currently there is no hand surgeon in the country. on top of that - I would like to have a training in global health and geopolitics around it, as it does impact our surgical work, especially in LMICs";"no";"I appreciate the work that 2nd chance does of reconstruction in LMICs, both training and treating.";"";"866715778";"2478e659-55cd-4fa1-89ed-83214fc5fa16";"2026-09-13T11:55:39";"";"submitted_via_web";"";"vRMednGrmJi94rgdpnZnZd";"uuid:2478e659-55cd-4fa1-89ed-83214fc5fa16";"13"
"2026-09-17T17:45:07.250+01:00";"2026-09-17T18:02:07.365+01:00";"2026-09-17";"ee.kobotoolbox.org:FQHdcXVja6VhA7LT";"";"";"";"";"yes";"";"kayodeiyun@gmail.com";"male";"50_59";"Nigeria";"Ibadan";"yes";"";"nigeria";"0";"0";"0";"0";"0";"0";"0";"0";"0";"0";"0";"0";"0";"0";"0";"0";"0";"0";"0";"0";"0";"0";"0";"0";"0";"0";"0";"0";"0";"0";"0";"0";"0";"0";"1";"0";"0";"0";"0";"0";"0";"0";"0";"0";"0";"0";"0";"0";"0";"0";"surgical_fellowship";"";"wacs";"";"2009";"consultant";"";"burns general_reconstructive";"1";"0";"0";"0";"0";"0";"0";"0";"1";"0";"";"yes";"2";"";"UNIVERSITY COLLEGE HOSPITAL,IBADAN";"UNIVERSITY COLLEGE HOSPITAL,IBADAN";"";"routinely";"routinely";"routinely";"routinely";"routinely";"occasionally";"routinely";"routinely";"routinely";"rarely";"routinely";"routinely";"routinely";"routinely";"routinely";"routinely";"occasionally";"occasionally";"101_250";"acute_trauma";"0";"1";"0";"0";"0";"0";"0";"0";"0";"0";"";"intermittently";"intermittently";"consistently";"consistently";"intermittently";"consistently";"not_available";"intermittently";"consistently";"consistently";"consistently";"consistently";"intermittently";"not_available";"consistently";"consistently";"consistently";"not_available";"intermittently";"not_available";"consistently";"consistently";"intermittently";"consistently";"consistently";"consistently";"consistently";"consistently";"consistently";"consistently";"consistently";"consistently";"yes";"no";"";"no";"";"yes";"yes";"Simulator and skills laboratory";"no";"";"";"871068197";"35bfe8ac-5237-4f6b-86f1-569545760fcb";"2026-09-17T17:02:09";"";"submitted_via_web";"";"vRMednGrmJi94rgdpnZnZd";"uuid:35bfe8ac-5237-4f6b-86f1-569545760fcb";"14"
"2026-09-22T11:02:29.438+03:00";"2026-09-22T11:23:31.271+03:00";"2026-09-22";"ee.kobotoolbox.org:gVppIhAvH0l0OwbS";"";"";"";"";"yes";"";"drmaash30@gmail.com";"male";"30_39";"uganda";"kamapal";"yes";"";"uganda";"0";"0";"0";"0";"0";"0";"0";"0";"0";"0";"0";"0";"0";"0";"0";"0";"0";"0";"0";"0";"0";"0";"0";"0";"0";"0";"0";"0";"0";"0";"0";"0";"0";"0";"0";"0";"0";"0";"0";"0";"0";"0";"0";"0";"0";"0";"1";"0";"0";"0";"surgical_fellowship";"";"national";"";"2025";"consultant";"";"burns";"1";"0";"0";"0";"0";"0";"0";"0";"0";"0";"";"yes";"2";"";"kayunaga regional referral hospital";"kayunaga regional referral hospital";"";"routinely";"rarely";"routinely";"routinely";"occasionally";"routinely";"routinely";"rarely";"rarely";"rarely";"rarely";"routinely";"routinely";"routinely";"routinely";"not_performed";"occasionally";"routinely";"lt50";"burns";"1";"0";"0";"0";"0";"0";"0";"0";"0";"0";"";"consistently";"consistently";"consistently";"consistently";"consistently";"consistently";"consistently";"intermittently";"consistently";"consistently";"intermittently";"consistently";"consistently";"consistently";"consistently";"consistently";"consistently";"consistently";"intermittently";"intermittently";"consistently";"consistently";"consistently";"consistently";"consistently";"not_available";"not_available";"consistently";"consistently";"consistently";"consistently";"consistently";"no";"yes";"conseca and associations ugand surgeon";"yes";"in 2021 Tanzania and 2023 in kanya";"yes";"yes";"I want burn plastic surgery training and to do folowship if 2nd chance will sponsor me this followahip";"no";"subsahra Africa there is gab of plastic surgeon and I want to be one of them if u could help me sponsor I will join people will this area for the burn plastic surgery surgery";"";"874789331";"a35cca3f-1446-4466-9db3-a1f6206ebd36";"2026-09-22T08:23:33";"";"submitted_via_web";"";"vRMednGrmJi94rgdpnZnZd";"uuid:a35cca3f-1446-4466-9db3-a1f6206ebd36";"15"
"2026-09-22T11:16:25.457+03:00";"2026-09-22T11:26:15.224+03:00";"2026-09-22";"ee.kobotoolbox.org:IwVnzcwcWxI7lOnc";"";"";"";"";"yes";"";"angelamuoki@gmail.com";"female";"30_39";"Kenya";"Nairobi";"yes";"";"kenya";"0";"0";"0";"0";"0";"0";"0";"0";"0";"0";"0";"0";"0";"0";"0";"0";"0";"0";"0";"0";"0";"0";"0";"1";"0";"0";"0";"0";"0";"0";"0";"0";"0";"0";"0";"0";"0";"0";"0";"0";"0";"0";"0";"0";"0";"0";"0";"0";"0";"0";"masters_surgery";"";"national";"";"2018";"dept_head";"";"burns trauma pediatric general_reconstructive";"1";"0";"0";"0";"1";"0";"1";"0";"1";"0";"";"yes";"2";"";"DEFENCE Forces Memorial Hospital";"DEFENCE Forces Memorial Hospital";"";"routinely";"routinely";"routinely";"routinely";"routinely";"rarely";"routinely";"routinely";"routinely";"rarely";"occasionally";"occasionally";"occasionally";"rarely";"rarely";"rarely";"rarely";"not_performed";"101_250";"burns acute_trauma scar_revision";"1";"1";"1";"0";"0";"0";"0";"0";"0";"0";"";"consistently";"consistently";"consistently";"consistently";"consistently";"consistently";"consistently";"consistently";"consistently";"consistently";"consistently";"intermittently";"consistently";"consistently";"consistently";"not_available";"intermittently";"not_available";"consistently";"consistently";"consistently";"consistently";"consistently";"consistently";"consistently";"not_available";"not_available";"consistently";"consistently";"consistently";"consistently";"consistently";"yes";"no";"";"yes";"Nairobi, Kigali, Kampala, Eldoret, Tumbi";"yes";"no";"";"no";"";"";"874792702";"84a15f1a-4ab5-4555-a747-dc53d2f439d6";"2026-09-22T08:26:16";"";"submitted_via_web";"";"vRMednGrmJi94rgdpnZnZd";"uuid:84a15f1a-4ab5-4555-a747-dc53d2f439d6";"16"
"2026-09-22T11:04:09.945+02:00";"2026-09-22T11:08:42.600+02:00";"2026-09-22";"ee.kobotoolbox.org:1ghNr0gH6Th62Xr1";"";"";"";"";"yes";"";"tharcissen1@gmail.com";"male";"30_39";"Rwanda";"Huye";"no";"";"";"";"";"";"";"";"";"";"";"";"";"";"";"";"";"";"";"";"";"";"";"";"";"";"";"";"";"";"";"";"";"";"";"";"";"";"";"";"";"";"";"";"";"";"";"";"";"";"";"";"";"";"";"";"";"";"";"";"";"";"";"";"";"";"";"";"";"";"";"";"";"";"";"";"";"";"";"";"";"";"";"";"";"";"";"";"";"";"";"";"";"";"";"";"";"";"";"";"";"";"";"";"";"";"";"";"";"";"";"";"";"";"";"";"";"";"";"";"";"";"";"";"";"";"";"";"";"";"";"";"";"";"";"";"";"";"";"";"";"";"";"";"";"";"";"";"";"";"";"";"874839264";"40a7fc38-9047-418e-a65f-09509aa7c3b4";"2026-09-22T09:08:44";"";"submitted_via_web";"";"vRMednGrmJi94rgdpnZnZd";"uuid:40a7fc38-9047-418e-a65f-09509aa7c3b4";"17"
"2026-09-22T14:40:16.398+02:00";"2026-09-22T14:43:05.321+02:00";"2026-09-22";"ee.kobotoolbox.org:JgotefhDKhZmIg2F";"";"";"";"";"yes";"";"vbmulenga@gmail.com";"male";"50_59";"Zambia";"Lusaka";"no";"";"";"";"";"";"";"";"";"";"";"";"";"";"";"";"";"";"";"";"";"";"";"";"";"";"";"";"";"";"";"";"";"";"";"";"";"";"";"";"";"";"";"";"";"";"";"";"";"";"";"";"";"";"";"";"";"";"";"";"";"";"";"";"";"";"";"";"";"";"";"";"";"";"";"";"";"";"";"";"";"";"";"";"";"";"";"";"";"";"";"";"";"";"";"";"";"";"";"";"";"";"";"";"";"";"";"";"";"";"";"";"";"";"";"";"";"";"";"";"";"";"";"";"";"";"";"";"";"";"";"";"";"";"";"";"";"";"";"";"";"";"";"";"";"";"";"";"";"";"";"";"875058217";"0fcb624b-da80-4fc8-873c-585148857704";"2026-09-22T12:43:05";"";"submitted_via_web";"";"vRMednGrmJi94rgdpnZnZd";"uuid:0fcb624b-da80-4fc8-873c-585148857704";"18"
"2026-09-22T17:20:24.862+01:00";"2026-09-22T17:54:03.406+01:00";"2026-09-22";"ee.kobotoolbox.org:Hr7LXyFAxSWGH20M";"";"";"";"";"yes";"";"dorsijowi@gmail.com";"female";"30_39";"Kenya";"Nairobi";"yes";"";"kenya";"0";"0";"0";"0";"0";"0";"0";"0";"0";"0";"0";"0";"0";"0";"0";"0";"0";"0";"0";"0";"0";"0";"0";"1";"0";"0";"0";"0";"0";"0";"0";"0";"0";"0";"0";"0";"0";"0";"0";"0";"0";"0";"0";"0";"0";"0";"0";"0";"0";"0";"masters_surgery";"";"national";"";"2019";"consultant";"";"hand microsurgery trauma";"0";"0";"1";"1";"1";"0";"0";"0";"0";"0";"";"yes";"3";"";"Kenyatta National Hospital";"Kenyatta National Hospital";"";"routinely";"routinely";"routinely";"routinely";"routinely";"rarely";"routinely";"routinely";"routinely";"routinely";"routinely";"routinely";"routinely";"routinely";"routinely";"occasionally";"routinely";"rarely";"gt1000";"burns acute_trauma scar_revision";"1";"1";"1";"0";"0";"0";"0";"0";"0";"0";"";"consistently";"consistently";"consistently";"consistently";"intermittently";"consistently";"consistently";"consistently";"consistently";"consistently";"consistently";"consistently";"intermittently";"intermittently";"consistently";"consistently";"consistently";"intermittently";"consistently";"consistently";"consistently";"consistently";"consistently";"consistently";"consistently";"intermittently";"intermittently";"consistently";"consistently";"consistently";"consistently";"intermittently";"yes";"yes";"SHARE International,";"no";"";"yes";"yes";"Availability of a cadaver training lab and microsurgery training lab would greatly improve training of residents as well as research for consultants";"yes";"";"";"875348198";"af2119b6-ea28-4e8c-8e2b-9308b2f56459";"2026-09-22T16:54:04";"";"submitted_via_web";"";"vRMednGrmJi94rgdpnZnZd";"uuid:af2119b6-ea28-4e8c-8e2b-9308b2f56459";"19"
"2026-09-25T14:21:54.413+03:00";"2026-09-25T14:37:33.428+03:00";"2026-09-25";"ee.kobotoolbox.org:tFR1f08IaWrVKfbd";"";"";"";"";"yes";"";"Wswillmore@gmail.com";"female";"50_59";"Tanzania";"Nkinga";"yes";"";"tanzania";"0";"0";"0";"0";"0";"0";"0";"0";"0";"0";"0";"0";"0";"0";"0";"0";"0";"0";"0";"0";"0";"0";"0";"0";"0";"0";"0";"0";"0";"0";"0";"0";"0";"0";"0";"0";"0";"0";"0";"0";"0";"0";"0";"0";"1";"0";"0";"0";"0";"0";"surgical_fellowship";"";"other";"FRCSCanada";"1950";"consultant";"";"other";"0";"0";"0";"0";"0";"0";"0";"0";"0";"1";"I am a General Surgeon, but we do a fair bit of Plastics at our center";"no";"";"";"";"Nkinga Referral Hospital";"";"routinely";"routinely";"routinely";"routinely";"routinely";"not_performed";"routinely";"routinely";"routinely";"not_performed";"occasionally";"occasionally";"routinely";"occasionally";"occasionally";"occasionally";"occasionally";"rarely";"50_100";"burns acute_trauma scar_revision";"1";"1";"1";"0";"0";"0";"0";"0";"0";"0";"";"intermittently";"intermittently";"consistently";"consistently";"intermittently";"consistently";"not_available";"consistently";"consistently";"consistently";"not_available";"consistently";"intermittently";"not_available";"intermittently";"intermittently";"consistently";"not_available";"not_available";"intermittently";"consistently";"consistently";"intermittently";"consistently";"intermittently";"not_available";"not_available";"intermittently";"consistently";"consistently";"intermittently";"intermittently";"no";"yes";"Occasional Cleft teams";"no";"";"no";"yes";"We need to improve cleft surgery.  More teaching on difficult pedicled flaps.  Would consider training i  free";"no";"Add more General Surgeons to your list.  Most reconstruction is done by General Surgeons in this country.your list.  Most rec";"";"878215249";"f84c9e40-8d27-4024-a28e-ac4c9e0336d9";"2026-09-25T11:37:34";"";"submitted_via_web";"";"vRMednGrmJi94rgdpnZnZd";"uuid:f84c9e40-8d27-4024-a28e-ac4c9e0336d9";"20"
"2026-09-25T15:04:00.600+03:00";"2026-09-25T15:18:37.934+03:00";"2026-09-25";"ee.kobotoolbox.org:pJ4VenjcSYs8iH9R";"";"";"";"";"yes";"";"tigistzawudes@gmail.com";"female";"30_39";"Ethiopia";"Jimma";"yes";"";"ethiopia";"0";"0";"0";"0";"0";"0";"0";"0";"0";"0";"0";"0";"0";"0";"0";"0";"0";"1";"0";"0";"0";"0";"0";"0";"0";"0";"0";"0";"0";"0";"0";"0";"0";"0";"0";"0";"0";"0";"0";"0";"0";"0";"0";"0";"0";"0";"0";"0";"0";"0";"surgical_fellowship";"";"national";"";"2024";"consultant";"";"general_reconstructive";"0";"0";"0";"0";"0";"0";"0";"0";"1";"0";"";"no";"";"";"";"Jimma University medical center";"";"routinely";"routinely";"routinely";"routinely";"routinely";"not_performed";"routinely";"routinely";"routinely";"rarely";"routinely";"routinely";"occasionally";"routinely";"routinely";"routinely";"occasionally";"occasionally";"501_1000";"acute_trauma cleft hand";"0";"1";"0";"1";"0";"1";"0";"0";"0";"0";"";"consistently";"intermittently";"consistently";"consistently";"consistently";"intermittently";"not_available";"intermittently";"consistently";"consistently";"consistently";"consistently";"not_available";"not_available";"consistently";"consistently";"intermittently";"not_available";"not_available";"consistently";"intermittently";"intermittently";"intermittently";"consistently";"intermittently";"intermittently";"not_available";"intermittently";"consistently";"consistently";"intermittently";"consistently";"no";"yes";"Tanzania Uganda and local team form St. Paul";"yes";"Tanzania 2023";"no";"yes";"Microsurgery breast and craniofacial surgery";"yes";"-";"";"878250559";"429e5cd8-cbd5-4597-bc48-f087f968a4f3";"2026-09-25T12:18:38";"";"submitted_via_web";"";"vRMednGrmJi94rgdpnZnZd";"uuid:429e5cd8-cbd5-4597-bc48-f087f968a4f3";"21"
"2026-09-25T15:15:53.349+02:00";"2026-09-25T15:17:00.865+02:00";"2026-09-25";"ee.kobotoolbox.org:wfIWnfaRhZeNdRvq";"";"";"";"";"yes";"";"dalitsopat@gmail.com";"male";"50_59";"Malawi";"Mzuzu";"no";"";"";"";"";"";"";"";"";"";"";"";"";"";"";"";"";"";"";"";"";"";"";"";"";"";"";"";"";"";"";"";"";"";"";"";"";"";"";"";"";"";"";"";"";"";"";"";"";"";"";"";"";"";"";"";"";"";"";"";"";"";"";"";"";"";"";"";"";"";"";"";"";"";"";"";"";"";"";"";"";"";"";"";"";"";"";"";"";"";"";"";"";"";"";"";"";"";"";"";"";"";"";"";"";"";"";"";"";"";"";"";"";"";"";"";"";"";"";"";"";"";"";"";"";"";"";"";"";"";"";"";"";"";"";"";"";"";"";"";"";"";"";"";"";"";"";"";"";"";"";"";"878300459";"af27a98a-f566-441e-ac7f-807fec01a359";"2026-09-25T13:17:03";"";"submitted_via_web";"";"vRMednGrmJi94rgdpnZnZd";"uuid:af27a98a-f566-441e-ac7f-807fec01a359";"22"
"2026-09-25T16:20:45.888+03:00";"2026-09-25T16:32:35.734+03:00";"2026-09-25";"ee.kobotoolbox.org:Tre0wrOZJFJNR0Gd";"";"";"";"";"yes";"";"Aderawb21@gmail.com";"male";"50_59";"Ethiopia";"Bahirdar";"yes";"";"ethiopia";"0";"0";"0";"0";"0";"0";"0";"0";"0";"0";"0";"0";"0";"0";"0";"0";"0";"1";"0";"0";"0";"0";"0";"0";"0";"0";"0";"0";"0";"0";"0";"0";"0";"0";"0";"0";"0";"0";"0";"0";"0";"0";"0";"0";"0";"0";"0";"0";"0";"0";"surgical_fellowship";"";"cosecsa";"";"2004";"consultant";"";"burns craniofacial hand microsurgery aesthetic";"1";"1";"1";"1";"0";"1";"0";"0";"0";"0";"";"yes";"2";"";"Felgehiwot hospital";"Felgehiwot hospital";"";"routinely";"routinely";"routinely";"routinely";"routinely";"not_performed";"routinely";"routinely";"routinely";"not_performed";"routinely";"routinely";"routinely";"routinely";"routinely";"occasionally";"rarely";"rarely";"501_1000";"burns acute_trauma cleft";"1";"1";"0";"1";"0";"0";"0";"0";"0";"0";"";"consistently";"consistently";"consistently";"consistently";"intermittently";"consistently";"not_available";"consistently";"consistently";"consistently";"consistently";"consistently";"consistently";"not_available";"consistently";"consistently";"intermittently";"not_available";"not_available";"not_available";"consistently";"consistently";"consistently";"consistently";"intermittently";"intermittently";"not_available";"consistently";"consistently";"consistently";"not_available";"not_available";"no";"yes";"Gonder university hospital";"yes";"Tanzania,Togo,Guinea and Ethiopia";"no";"yes";"Microsurgery fellowship";"no";"No";"";"878314288";"c750b0c5-e101-4b33-966c-32962a807555";"2026-09-25T13:32:36";"";"submitted_via_web";"";"vRMednGrmJi94rgdpnZnZd";"uuid:c750b0c5-e101-4b33-966c-32962a807555";"23"
"2026-09-25T21:57:48.029+03:00";"2026-09-25T22:33:11.166+03:00";"2026-09-25";"ee.kobotoolbox.org:Rlvjm7CxsVTswwJS";"";"";"";"";"yes";"";"mekonene@yahoo.com";"male";"gte60";"Ethiopia";"Addis Ababa";"yes";"";"ethiopia";"0";"0";"0";"0";"0";"0";"0";"0";"0";"0";"0";"0";"0";"0";"0";"0";"0";"1";"0";"0";"0";"0";"0";"0";"0";"0";"0";"0";"0";"0";"0";"0";"0";"0";"0";"0";"0";"0";"0";"0";"0";"0";"0";"0";"0";"0";"0";"0";"0";"0";"doctoral_degree";"";"national";"";"2007";"dept_head";"";"burns craniofacial hand trauma pediatric";"1";"1";"1";"0";"1";"0";"1";"0";"0";"0";"";"yes";"2";"";"Yekatit 12 Hospital Medical College";"Yekatit 12 Hospital Medical College";"";"routinely";"routinely";"routinely";"routinely";"routinely";"not_performed";"routinely";"routinely";"routinely";"rarely";"routinely";"routinely";"routinely";"routinely";"routinely";"occasionally";"occasionally";"rarely";"251_500";"burns acute_trauma cleft";"1";"1";"0";"1";"0";"0";"0";"0";"0";"0";"";"consistently";"consistently";"consistently";"not_available";"consistently";"consistently";"not_available";"consistently";"consistently";"consistently";"consistently";"consistently";"not_available";"intermittently";"intermittently";"consistently";"consistently";"not_available";"not_available";"consistently";"consistently";"consistently";"consistently";"consistently";"consistently";"consistently";"not_available";"consistently";"consistently";"consistently";"intermittently";"consistently";"yes";"yes";"visistors from Norway";"yes";"At Yekatit 12 Hospital 2015";"yes";"yes";"training on Ear reconstruction";"yes";"No";"";"878596485";"acb6aa0d-a00c-4ea9-9960-f5df029407ce";"2026-09-25T19:33:12";"";"submitted_via_web";"";"vRMednGrmJi94rgdpnZnZd";"uuid:acb6aa0d-a00c-4ea9-9960-f5df029407ce";"24"
"2026-09-26T04:09:40.415+03:00";"2026-09-26T04:30:28.500+03:00";"2026-09-26";"ee.kobotoolbox.org:dMN4zW7Lmnb8Lchp";"";"";"";"";"yes";"";"rahelkbt@gmail.com";"female";"40_49";"Ethiopia";"Addis Abeba";"yes";"";"ethiopia";"0";"0";"0";"0";"0";"0";"0";"0";"0";"0";"0";"0";"0";"0";"0";"0";"0";"1";"0";"0";"0";"0";"0";"0";"0";"0";"0";"0";"0";"0";"0";"0";"0";"0";"0";"0";"0";"0";"0";"0";"0";"0";"0";"0";"0";"0";"0";"0";"0";"0";"surgical_fellowship";"";"cosecsa";"";"2023";"academic_faculty";"";"burns craniofacial hand trauma aesthetic oncoplastic general_reconstructive";"1";"1";"1";"0";"1";"1";"0";"1";"1";"0";"";"yes";"2";"";"AaBET Hospital";"AaBET Hospital";"";"routinely";"occasionally";"routinely";"routinely";"routinely";"not_performed";"routinely";"routinely";"routinely";"occasionally";"routinely";"routinely";"routinely";"occasionally";"occasionally";"occasionally";"rarely";"rarely";"501_1000";"burns acute_trauma hand";"1";"1";"0";"0";"0";"1";"0";"0";"0";"0";"";"consistently";"consistently";"consistently";"consistently";"consistently";"consistently";"intermittently";"consistently";"consistently";"consistently";"consistently";"consistently";"intermittently";"intermittently";"consistently";"consistently";"consistently";"not_available";"intermittently";"consistently";"consistently";"consistently";"consistently";"consistently";"intermittently";"intermittently";"intermittently";"consistently";"consistently";"consistently";"consistently";"consistently";"yes";"yes";"Burn reconstruction teams through operation Smile";"yes";"At Arba minch,Ethiopia mission, in 2023";"yes";"yes";"Breast reconstruction and use of tissue expanders for scar managment";"yes";"Can I participate in your surgical missions as a trainer?";"";"878713066";"6a992f04-10f2-4329-98b4-aa51cce0c5e2";"2026-09-26T01:30:30";"";"submitted_via_web";"";"vRMednGrmJi94rgdpnZnZd";"uuid:6a992f04-10f2-4329-98b4-aa51cce0c5e2";"25"
"2026-09-26T20:01:17.945+03:00";"2026-09-26T20:50:49.423+03:00";"2026-09-26";"ee.kobotoolbox.org:7s8SPI9pPDNZIPuv";"";"";"";"";"yes";"";"yegeremukebede@yahoo.com";"male";"gte60";"Ethiopia";"Addis Ababa";"yes";"";"ethiopia";"0";"0";"0";"0";"0";"0";"0";"0";"0";"0";"0";"0";"0";"0";"0";"0";"0";"1";"0";"0";"0";"0";"0";"0";"0";"0";"0";"0";"0";"0";"0";"0";"0";"0";"0";"0";"0";"0";"0";"0";"0";"0";"0";"0";"0";"0";"0";"0";"0";"0";"surgical_fellowship";"";"national";"";"2007";"consultant";"";"burns craniofacial hand trauma pediatric oncoplastic general_reconstructive";"1";"1";"1";"0";"1";"0";"1";"1";"1";"0";"";"yes";"2";"";"ALERT Comprehensive Specialized Hospital";"ALERT Comprehensive Specialized Hospital";"";"routinely";"routinely";"occasionally";"routinely";"routinely";"not_performed";"routinely";"routinely";"routinely";"routinely";"routinely";"routinely";"occasionally";"routinely";"routinely";"occasionally";"rarely";"occasionally";"gt1000";"acute_trauma hand cancer";"0";"1";"0";"0";"0";"1";"1";"0";"0";"0";"";"consistently";"consistently";"consistently";"consistently";"consistently";"consistently";"consistently";"consistently";"consistently";"consistently";"consistently";"consistently";"consistently";"consistently";"consistently";"consistently";"consistently";"not_available";"intermittently";"consistently";"consistently";"consistently";"consistently";"consistently";"consistently";"consistently";"consistently";"consistently";"consistently";"consistently";"consistently";"consistently";"no";"yes";"Emory";"no";"";"yes";"";"";"no";"Thank you for taking the initiative to find out what is on the ground and the needs in Sub-Saharan Africa. I hope the outcome will guide the direction of future training and service.";"";"879212216";"b5d15072-814a-4df8-9317-bcab86ea641f";"2026-09-26T17:49:18";"";"submitted_via_web";"";"vRMednGrmJi94rgdpnZnZd";"uuid:b5d15072-814a-4df8-9317-bcab86ea641f";"26"
"2026-09-26T17:44:03.866+02:00";"2026-09-27T12:26:21.397+02:00";"2026-09-26";"ee.kobotoolbox.org:Yof7kwcsQC2AxodV";"";"";"";"";"yes";"";"samgh0@hotmail.com";"male";"50_59";"Switzerland";"Geneva, Switzerland";"yes";"";"namibia";"0";"0";"0";"0";"0";"0";"0";"0";"0";"0";"0";"0";"0";"0";"0";"0";"0";"0";"0";"0";"0";"0";"0";"0";"0";"0";"0";"0";"0";"0";"0";"0";"1";"0";"0";"0";"0";"0";"0";"0";"0";"0";"0";"0";"0";"0";"0";"0";"0";"0";"doctoral_degree";"";"other";"FMH";"2008";"private_practitioner";"";"burns hand microsurgery trauma aesthetic oncoplastic general_reconstructive";"1";"0";"1";"1";"1";"1";"0";"1";"1";"0";"";"no";"";"";"";",hhhkh";"";"not_performed";"routinely";"occasionally";"rarely";"not_performed";"not_performed";"not_performed";"not_performed";"not_performed";"not_performed";"not_performed";"not_performed";"not_performed";"not_performed";"not_performed";"not_performed";"not_performed";"not_performed";"50_100";"cleft";"0";"0";"0";"1";"0";"0";"0";"0";"0";"0";"";"consistently";"not_available";"intermittently";"not_available";"not_available";"intermittently";"intermittently";"intermittently";"not_available";"not_available";"not_available";"not_available";"not_available";"not_available";"not_available";"not_available";"not_available";"not_available";"not_available";"not_available";"not_available";"not_available";"not_available";"not_available";"not_available";"not_available";"intermittently";"not_available";"intermittently";"intermittently";"intermittently";"intermittently";"yes";"no";"";"yes";"ljhkjhkh";"yes";"yes";"lkhjlhl";"no";"THIS IS A TEST!!!!";"";"879505914";"90d93a18-f943-4bbd-9554-54daa9881a2d";"2026-09-27T10:26:21";"";"submitted_via_web";"";"vRMednGrmJi94rgdpnZnZd";"uuid:90d93a18-f943-4bbd-9554-54daa9881a2d";"27"
"2026-09-27T15:00:27.604+03:00";"2026-09-27T15:09:52.835+03:00";"2026-09-27";"ee.kobotoolbox.org:cnL1JhzQqCOrEDVc";"";"";"";"";"yes";"";"Wessam.o.abushanab@gmail.com";"female";"30_39";"Tanzania";"Dar es salaam";"yes";"";"tanzania";"0";"0";"0";"0";"0";"0";"0";"0";"0";"0";"0";"0";"0";"0";"0";"0";"0";"0";"0";"0";"0";"0";"0";"0";"0";"0";"0";"0";"0";"0";"0";"0";"0";"0";"0";"0";"0";"0";"0";"0";"0";"0";"0";"0";"1";"0";"0";"0";"0";"0";"surgical_membership";"";"cosecsa";"";"2025";"resident";"";"burns craniofacial hand trauma oncoplastic general_reconstructive";"1";"1";"1";"0";"1";"0";"0";"1";"1";"0";"";"no";"";"";"";"Muhimbili";"";"routinely";"routinely";"routinely";"routinely";"occasionally";"routinely";"routinely";"routinely";"occasionally";"not_performed";"rarely";"rarely";"not_performed";"rarely";"rarely";"rarely";"occasionally";"occasionally";"101_250";"burns cancer";"1";"0";"0";"0";"0";"0";"1";"0";"0";"0";"";"consistently";"consistently";"consistently";"consistently";"consistently";"consistently";"consistently";"consistently";"consistently";"consistently";"consistently";"consistently";"intermittently";"consistently";"consistently";"consistently";"consistently";"intermittently";"intermittently";"consistently";"consistently";"consistently";"consistently";"consistently";"consistently";"intermittently";"intermittently";"consistently";"consistently";"consistently";"consistently";"consistently";"yes";"yes";"Research";"yes";"2026 tumbi Tanzania";"yes";"yes";"More hand on practice";"no";"No";"";"879556934";"6e6ec84e-4f95-42e7-9fc5-a326d8c4cf92";"2026-09-27T12:09:56";"";"submitted_via_web";"";"vRMednGrmJi94rgdpnZnZd";"uuid:6e6ec84e-4f95-42e7-9fc5-a326d8c4cf92";"28"
"2026-09-28T17:27:37.696+02:00";"2026-09-28T17:39:37.971+02:00";"2026-09-28";"ee.kobotoolbox.org:cu0RssrOnYst1w3f";"";"";"";"";"yes";"";"bwmwafulirwa@gmail.com";"male";"30_39";"Malawi";"BLANTYRE";"yes";"";"malawi";"0";"0";"0";"0";"0";"0";"0";"0";"0";"0";"0";"0";"0";"0";"0";"0";"0";"0";"0";"0";"0";"0";"0";"0";"0";"0";"0";"1";"0";"0";"0";"0";"0";"0";"0";"0";"0";"0";"0";"0";"0";"0";"0";"0";"0";"0";"0";"0";"0";"0";"surgical_fellowship";"";"cosecsa";"";"2025";"consultant";"";"burns hand trauma pediatric oncoplastic general_reconstructive";"1";"0";"1";"0";"1";"0";"1";"1";"1";"0";"";"no";"";"";"";"Queen Elizabeth Central Hospital";"";"routinely";"routinely";"occasionally";"routinely";"occasionally";"not_performed";"routinely";"routinely";"occasionally";"not_performed";"routinely";"routinely";"routinely";"routinely";"routinely";"rarely";"rarely";"rarely";"101_250";"burns cleft hand";"1";"0";"0";"1";"0";"1";"0";"0";"0";"0";"";"consistently";"consistently";"consistently";"consistently";"intermittently";"consistently";"intermittently";"not_available";"consistently";"consistently";"consistently";"consistently";"intermittently";"intermittently";"intermittently";"intermittently";"consistently";"not_available";"not_available";"consistently";"consistently";"consistently";"consistently";"consistently";"intermittently";"not_available";"not_available";"consistently";"consistently";"consistently";"consistently";"consistently";"yes";"no";"";"yes";"2023 in Tumbi, Tanzania";"no";"yes";"Consistent courses e g, flap courses, hand surgery courses. Equipment. Theatre";"yes";"No";"";"880497882";"c63b5e04-b84d-4b55-8eef-a067f596ffdd";"2026-09-28T15:39:40";"";"submitted_via_web";"";"vRMednGrmJi94rgdpnZnZd";"uuid:c63b5e04-b84d-4b55-8eef-a067f596ffdd";"29"
"2026-09-28T17:37:19.994+02:00";"2026-09-28T17:53:10.610+02:00";"2026-09-28";"ee.kobotoolbox.org:6ncCGCbKA1RBKnuW";"";"";"";"";"yes";"";"bagrichar@gmail.com";"male";"40_49";"Rwanda";"Kigali";"yes";"";"rwanda";"0";"0";"0";"0";"0";"0";"0";"0";"0";"0";"0";"0";"0";"0";"0";"0";"0";"0";"0";"0";"0";"0";"0";"0";"0";"0";"0";"0";"0";"0";"0";"0";"0";"0";"0";"1";"0";"0";"0";"0";"0";"0";"0";"0";"0";"0";"0";"0";"0";"0";"surgical_fellowship";"";"cosecsa";"";"2026";"fellow";"";"hand microsurgery";"0";"0";"1";"1";"0";"0";"0";"0";"0";"0";"";"no";"";"";"";"Rwanda Military teachingcHospital";"";"routinely";"routinely";"routinely";"routinely";"routinely";"occasionally";"routinely";"routinely";"routinely";"occasionally";"routinely";"occasionally";"rarely";"routinely";"routinely";"routinely";"occasionally";"occasionally";"501_1000";"acute_trauma scar_revision hand";"0";"1";"1";"0";"0";"1";"0";"0";"0";"0";"";"consistently";"consistently";"consistently";"consistently";"consistently";"consistently";"consistently";"consistently";"consistently";"consistently";"consistently";"consistently";"consistently";"consistently";"consistently";"consistently";"consistently";"intermittently";"intermittently";"consistently";"consistently";"consistently";"consistently";"consistently";"intermittently";"intermittently";"intermittently";"consistently";"consistently";"consistently";"consistently";"consistently";"yes";"no";"";"yes";"2017 Zimbabwe";"yes";"yes";"Micro-Surgery instruments";"yes";"I appreciate the role of 2nd chance in training plastic Surgeons in Africa";"";"880512692";"469606b6-6d70-44d9-b169-a5265839d382";"2026-09-28T15:53:13";"";"submitted_via_web";"";"vRMednGrmJi94rgdpnZnZd";"uuid:469606b6-6d70-44d9-b169-a5265839d382";"30"
"2026-09-28T18:51:19.606+03:00";"2026-09-28T19:17:34.682+03:00";"2026-09-28";"ee.kobotoolbox.org:oeZseXffcXDmUpQT";"";"";"";"";"yes";"";"drharomgariwakjira@gmail.com";"male";"30_39";"Ethiopia";"Addis Ababa";"yes";"";"ethiopia";"0";"0";"0";"0";"0";"0";"0";"0";"0";"0";"0";"0";"0";"0";"0";"0";"0";"1";"0";"0";"0";"0";"0";"0";"0";"0";"0";"0";"0";"0";"0";"0";"0";"0";"0";"0";"0";"0";"0";"0";"0";"0";"0";"0";"0";"0";"0";"0";"0";"0";"surgical_fellowship";"";"national";"";"2026";"fellow";"";"craniofacial hand aesthetic oncoplastic";"0";"1";"1";"0";"0";"1";"0";"1";"0";"0";"";"yes";"2";"";"Alert comprehensive specialized hospital";"Alert comprehensive specialized hospital";"";"occasionally";"occasionally";"occasionally";"routinely";"routinely";"not_performed";"routinely";"occasionally";"occasionally";"occasionally";"routinely";"routinely";"rarely";"routinely";"occasionally";"occasionally";"rarely";"not_performed";"gt1000";"acute_trauma scar_revision hand";"0";"1";"1";"0";"0";"1";"0";"0";"0";"0";"";"intermittently";"intermittently";"consistently";"intermittently";"intermittently";"consistently";"intermittently";"intermittently";"consistently";"intermittently";"intermittently";"consistently";"intermittently";"intermittently";"intermittently";"intermittently";"consistently";"not_available";"not_available";"intermittently";"consistently";"intermittently";"intermittently";"consistently";"intermittently";"intermittently";"intermittently";"consistently";"consistently";"consistently";"intermittently";"intermittently";"yes";"yes";"ReSurge International";"no";"";"yes";"yes";"Advanced Microsurgical Techniques, Complex Burn Reconstruction, Peripheral Nerve & Hand Surgery, Maxillofacial & Oncological Reconstruction, Podiatric & Diabetic Foot Salvage";"no";"Emphasize Longitudinal Mentorship Over Drop-in Missions, Integrate Multi-Disciplinary Operating Teams";"";"880539361";"548af031-39c3-41e0-b0b5-1b79e225f9b0";"2026-09-28T16:17:35";"";"submitted_via_web";"";"vRMednGrmJi94rgdpnZnZd";"uuid:548af031-39c3-41e0-b0b5-1b79e225f9b0";"31"
"2026-09-28T19:57:32.598+02:00";"2026-09-28T20:05:50.280+02:00";"2026-09-28";"ee.kobotoolbox.org:af4vdDkExQCyU1QI";"";"";"";"";"yes";"";"cyuzutsi95@gmail.com";"male";"30_39";"Rwanda";"Kigali";"yes";"";"rwanda";"0";"0";"0";"0";"0";"0";"0";"0";"0";"0";"0";"0";"0";"0";"0";"0";"0";"0";"0";"0";"0";"0";"0";"0";"0";"0";"0";"0";"0";"0";"0";"0";"0";"0";"0";"1";"0";"0";"0";"0";"0";"0";"0";"0";"0";"0";"0";"0";"0";"0";"masters_surgery";"";"national";"";"2026";"resident";"";"burns trauma general_reconstructive";"1";"0";"0";"0";"1";"0";"0";"0";"1";"0";"";"no";"";"";"";"Thierry Cyuzuzo";"";"routinely";"occasionally";"routinely";"routinely";"occasionally";"rarely";"routinely";"routinely";"routinely";"occasionally";"routinely";"routinely";"occasionally";"occasionally";"occasionally";"occasionally";"occasionally";"occasionally";"251_500";"burns acute_trauma hand";"1";"1";"0";"0";"0";"1";"0";"0";"0";"0";"";"consistently";"consistently";"consistently";"consistently";"consistently";"consistently";"intermittently";"consistently";"consistently";"consistently";"consistently";"consistently";"consistently";"consistently";"consistently";"consistently";"consistently";"intermittently";"intermittently";"consistently";"consistently";"consistently";"consistently";"consistently";"intermittently";"intermittently";"intermittently";"consistently";"consistently";"consistently";"consistently";"consistently";"yes";"yes";"Operation smile reconstructive surgery";"no";"";"yes";"yes";"More exposure on cleft and cosmetic surgeries";"no";"";"";"880639539";"19150a17-831d-45de-b53a-711d3e4f3d3e";"2026-09-28T18:05:52";"";"submitted_via_web";"";"vRMednGrmJi94rgdpnZnZd";"uuid:19150a17-831d-45de-b53a-711d3e4f3d3e";"32"
"2026-09-28T21:19:51.266+03:00";"2026-09-28T21:21:25.842+03:00";"2026-09-28";"ee.kobotoolbox.org:yGhi8AwJEu4vhe8D";"";"";"";"";"yes";"";"chukwukadibia.ahachi@npmcn.edu.ng";"male";"50_59";"Saudi Arabia";"Al Hofuf";"no";"";"";"";"";"";"";"";"";"";"";"";"";"";"";"";"";"";"";"";"";"";"";"";"";"";"";"";"";"";"";"";"";"";"";"";"";"";"";"";"";"";"";"";"";"";"";"";"";"";"";"";"";"";"";"";"";"";"";"";"";"";"";"";"";"";"";"";"";"";"";"";"";"";"";"";"";"";"";"";"";"";"";"";"";"";"";"";"";"";"";"";"";"";"";"";"";"";"";"";"";"";"";"";"";"";"";"";"";"";"";"";"";"";"";"";"";"";"";"";"";"";"";"";"";"";"";"";"";"";"";"";"";"";"";"";"";"";"";"";"";"";"";"";"";"";"";"";"";"";"";"";"880653263";"2163e593-4920-4b88-b498-4ceb3aed7084";"2026-09-28T18:21:26";"";"submitted_via_web";"";"vRMednGrmJi94rgdpnZnZd";"uuid:2163e593-4920-4b88-b498-4ceb3aed7084";"33"
"2026-09-28T21:11:58.907+03:00";"2026-09-28T21:25:27.838+03:00";"2026-09-28";"ee.kobotoolbox.org:hfoGCjxhBFGprdy0";"";"";"";"";"yes";"";"abebe_firdisa@yahoo.com";"male";"30_39";"Ethiopia";"Adama";"yes";"";"ethiopia";"0";"0";"0";"0";"0";"0";"0";"0";"0";"0";"0";"0";"0";"0";"0";"0";"0";"1";"0";"0";"0";"0";"0";"0";"0";"0";"0";"0";"0";"0";"0";"0";"0";"0";"0";"0";"0";"0";"0";"0";"0";"0";"0";"0";"0";"0";"0";"0";"0";"0";"surgical_fellowship";"";"cosecsa";"";"2021";"consultant";"";"craniofacial hand trauma oncoplastic";"0";"1";"1";"0";"1";"0";"0";"1";"0";"0";"";"yes";"2";"";"Adama Hospital medical college";"Adama Hospital medical college";"";"routinely";"routinely";"routinely";"routinely";"routinely";"routinely";"routinely";"routinely";"routinely";"not_performed";"routinely";"routinely";"routinely";"rarely";"rarely";"occasionally";"not_performed";"not_performed";"501_1000";"burns acute_trauma hand";"1";"1";"0";"0";"0";"1";"0";"0";"0";"0";"";"consistently";"consistently";"consistently";"consistently";"consistently";"intermittently";"not_available";"consistently";"consistently";"consistently";"consistently";"consistently";"intermittently";"intermittently";"not_available";"not_available";"not_available";"not_available";"not_available";"intermittently";"consistently";"consistently";"consistently";"consistently";"consistently";"not_available";"not_available";"intermittently";"consistently";"consistently";"intermittently";"intermittently";"no";"no";"";"yes";"Zambia, Lusaka May 2019";"yes";"yes";"Cosmetics surgery and some special craniofacial procedures";"no";"None";"";"880656633";"30d92e58-a3a0-4c71-914c-9c0843a25d49";"2026-09-28T18:25:29";"";"submitted_via_web";"";"vRMednGrmJi94rgdpnZnZd";"uuid:30d92e58-a3a0-4c71-914c-9c0843a25d49";"34"
"2026-09-28T19:46:28.339+02:00";"2026-09-28T21:17:32.027+02:00";"2026-09-28";"ee.kobotoolbox.org:mi9WiuZ8u84YOsQ9";"";"";"";"";"yes";"";"ndizemile.ne@gmail.com";"male";"30_39";"Burundi";"Bujumbura";"yes";"";"burundi";"0";"0";"0";"0";"1";"0";"0";"0";"0";"0";"0";"0";"0";"0";"0";"0";"0";"0";"0";"0";"0";"0";"0";"0";"0";"0";"0";"0";"0";"0";"0";"0";"0";"0";"0";"0";"0";"0";"0";"0";"0";"0";"0";"0";"0";"0";"0";"0";"0";"0";"surgical_fellowship";"";"cosecsa";"";"2021";"resident";"";"burns craniofacial hand microsurgery trauma aesthetic pediatric oncoplastic general_reconstructive";"1";"1";"1";"1";"1";"1";"1";"1";"1";"0";"";"yes";"2";"";"Tanganyika Hospital";"Tanganyika Hospital";"";"routinely";"occasionally";"rarely";"occasionally";"occasionally";"not_performed";"routinely";"routinely";"occasionally";"not_performed";"rarely";"rarely";"occasionally";"occasionally";"occasionally";"rarely";"rarely";"rarely";"50_100";"burns acute_trauma scar_revision";"1";"1";"1";"0";"0";"0";"0";"0";"0";"0";"";"intermittently";"intermittently";"intermittently";"intermittently";"not_available";"not_available";"not_available";"not_available";"consistently";"consistently";"consistently";"intermittently";"intermittently";"not_available";"consistently";"not_available";"not_available";"not_available";"not_available";"not_available";"intermittently";"consistently";"consistently";"consistently";"not_available";"not_available";"not_available";"consistently";"consistently";"consistently";"consistently";"consistently";"no";"no";"";"no";"";"no";"yes";"As my exposure to hand, microsurgery, and craniofacial reconstruction is limited I'd like to get more exposure so that I can serve my patients in need of those services.  Scholarship for the 2027 ( my examination year)";"no";"None";"";"880701074";"82242223-b906-40db-a79b-0f06bb508e7f";"2026-09-28T19:18:01";"";"submitted_via_web";"";"vRMednGrmJi94rgdpnZnZd";"uuid:82242223-b906-40db-a79b-0f06bb508e7f";"35"
"2026-09-29T06:44:20.203+03:00";"2026-09-29T07:17:36.912+03:00";"2026-09-29";"ee.kobotoolbox.org:MEDEW9P7mJhs4Fo1";"";"";"";"";"yes";"";"hannaweldemichael@gmail.com";"female";"30_39";"Ethiopia";"Addis Ababa";"yes";"";"ethiopia";"0";"0";"0";"0";"0";"0";"0";"0";"0";"0";"0";"0";"0";"0";"0";"0";"0";"1";"0";"0";"0";"0";"0";"0";"0";"0";"0";"0";"0";"0";"0";"0";"0";"0";"0";"0";"0";"0";"0";"0";"0";"0";"0";"0";"0";"0";"0";"0";"0";"0";"surgical_membership";"";"cosecsa";"";"2026";"resident";"";"burns craniofacial hand microsurgery trauma pediatric oncoplastic general_reconstructive";"1";"1";"1";"1";"1";"0";"1";"1";"1";"0";"";"yes";"2";"";"Alert";"Alert";"";"routinely";"routinely";"routinely";"routinely";"routinely";"rarely";"routinely";"routinely";"routinely";"occasionally";"routinely";"routinely";"routinely";"routinely";"routinely";"routinely";"rarely";"not_performed";"gt1000";"acute_trauma hand cancer";"0";"1";"0";"0";"0";"1";"1";"0";"0";"0";"";"intermittently";"intermittently";"intermittently";"intermittently";"intermittently";"consistently";"consistently";"intermittently";"consistently";"consistently";"intermittently";"consistently";"intermittently";"not_available";"consistently";"consistently";"intermittently";"not_available";"not_available";"consistently";"consistently";"consistently";"consistently";"consistently";"intermittently";"intermittently";"consistently";"intermittently";"consistently";"consistently";"consistently";"consistently";"yes";"yes";"Resurge";"yes";"Eldorate in july";"yes";"yes";"Breast reconstruction";"no";"";"";"880891451";"762ef8c6-8068-42a5-8bfc-3ddd6d896ee9";"2026-09-29T04:17:37";"";"submitted_via_web";"";"vRMednGrmJi94rgdpnZnZd";"uuid:762ef8c6-8068-42a5-8bfc-3ddd6d896ee9";"36"
"2026-09-29T15:22:40.234+02:00";"2026-09-29T15:23:42.838+02:00";"2026-09-29";"ee.kobotoolbox.org:sdkutqkzErYDhAjT";"";"";"";"";"yes";"";"daniel.hailmichael@gmail.com";"male";"30_39";"Ethiopia";"Addis Ababa";"no";"";"";"";"";"";"";"";"";"";"";"";"";"";"";"";"";"";"";"";"";"";"";"";"";"";"";"";"";"";"";"";"";"";"";"";"";"";"";"";"";"";"";"";"";"";"";"";"";"";"";"";"";"";"";"";"";"";"";"";"";"";"";"";"";"";"";"";"";"";"";"";"";"";"";"";"";"";"";"";"";"";"";"";"";"";"";"";"";"";"";"";"";"";"";"";"";"";"";"";"";"";"";"";"";"";"";"";"";"";"";"";"";"";"";"";"";"";"";"";"";"";"";"";"";"";"";"";"";"";"";"";"";"";"";"";"";"";"";"";"";"";"";"";"";"";"";"";"";"";"";"";"881385700";"d2590ab0-fb39-4252-9871-26d4b39f6ca4";"2026-09-29T13:21:23";"";"submitted_via_web";"";"vRMednGrmJi94rgdpnZnZd";"uuid:d2590ab0-fb39-4252-9871-26d4b39f6ca4";"37"
"2026-09-29T16:09:49.467+03:00";"2026-09-29T16:39:48.629+03:00";"2026-09-29";"ee.kobotoolbox.org:KYN3l944wKdRbEcm";"";"";"";"";"yes";"";"tewoderosmelese@gmail.com";"male";"30_39";"Ethiopia";"Addis Ababa";"yes";"";"ethiopia";"0";"0";"0";"0";"0";"0";"0";"0";"0";"0";"0";"0";"0";"0";"0";"0";"0";"1";"0";"0";"0";"0";"0";"0";"0";"0";"0";"0";"0";"0";"0";"0";"0";"0";"0";"0";"0";"0";"0";"0";"0";"0";"0";"0";"0";"0";"0";"0";"0";"0";"masters_surgery";"";"national";"";"2019";"academic_faculty";"";"burns hand trauma pediatric general_reconstructive";"1";"0";"1";"0";"1";"0";"1";"0";"1";"0";"";"yes";"2";"";"Yekatit 12 hospital medical college";"Yekatit 12 hospital medical college";"";"routinely";"routinely";"routinely";"routinely";"routinely";"not_performed";"routinely";"routinely";"routinely";"not_performed";"routinely";"routinely";"routinely";"routinely";"routinely";"routinely";"rarely";"rarely";"gt1000";"burns cleft hand";"1";"0";"0";"1";"0";"1";"0";"0";"0";"0";"";"consistently";"consistently";"consistently";"consistently";"consistently";"consistently";"intermittently";"consistently";"consistently";"consistently";"consistently";"consistently";"not_available";"consistently";"consistently";"consistently";"intermittently";"not_available";"not_available";"consistently";"consistently";"consistently";"consistently";"consistently";"consistently";"not_available";"not_available";"intermittently";"consistently";"consistently";"intermittently";"intermittently";"yes";"no";"";"yes";"Guinea ,conacray 2023";"no";"yes";"Would be happy if i get training on aesthetic surgery because i had no chance during my whole training .i will be happy to have such training and make it part of my routine job";"yes";"I thank 2nd chance for all the hard work to improve the reconstructive surgery in the continentand i  suggest it will be great if 2nd chance in the future plan to train some surgeons in the continent in the area of aesthetic surgery";"";"881402774";"28bbc2a4-7b8e-41e6-b29c-33274f6e1524";"2026-09-29T13:39:49";"";"submitted_via_web";"";"vRMednGrmJi94rgdpnZnZd";"uuid:28bbc2a4-7b8e-41e6-b29c-33274f6e1524";"38"
"2026-09-29T17:05:45.398+03:00";"2026-09-29T17:06:27.231+03:00";"2026-09-29";"ee.kobotoolbox.org:A2X1e3UY6LCgsLoj";"";"";"";"";"yes";"";"tsega.terefe@sphmmc.edu.et";"male";"30_39";"Ethiopia";"ADDIS ABABA";"no";"";"";"";"";"";"";"";"";"";"";"";"";"";"";"";"";"";"";"";"";"";"";"";"";"";"";"";"";"";"";"";"";"";"";"";"";"";"";"";"";"";"";"";"";"";"";"";"";"";"";"";"";"";"";"";"";"";"";"";"";"";"";"";"";"";"";"";"";"";"";"";"";"";"";"";"";"";"";"";"";"";"";"";"";"";"";"";"";"";"";"";"";"";"";"";"";"";"";"";"";"";"";"";"";"";"";"";"";"";"";"";"";"";"";"";"";"";"";"";"";"";"";"";"";"";"";"";"";"";"";"";"";"";"";"";"";"";"";"";"";"";"";"";"";"";"";"";"";"";"";"";"881433445";"90e55022-2cdd-45e8-9f9f-e7af63e2d73a";"2026-09-29T14:06:28";"";"submitted_via_web";"";"vRMednGrmJi94rgdpnZnZd";"uuid:90e55022-2cdd-45e8-9f9f-e7af63e2d73a";"39"
"2026-09-29T16:47:44.027+03:00";"2026-09-29T17:28:45.816+03:00";"2026-09-29";"ee.kobotoolbox.org:vYB3Nd0RMg63R5RU";"";"";"";"";"yes";"";"mamubrt3093@gmail.com";"male";"30_39";"Ethiopia";"Addis Ababa";"yes";"";"ethiopia";"0";"0";"0";"0";"0";"0";"0";"0";"0";"0";"0";"0";"0";"0";"0";"0";"0";"1";"0";"0";"0";"0";"0";"0";"0";"0";"0";"0";"0";"0";"0";"0";"0";"0";"0";"0";"0";"0";"0";"0";"0";"0";"0";"0";"0";"0";"0";"0";"0";"0";"surgical_fellowship";"";"cosecsa";"";"2023";"consultant";"";"craniofacial general_reconstructive";"0";"1";"0";"0";"0";"0";"0";"0";"1";"0";"";"yes";"3";"";"Saint Paul's hospital millennium medical college";"Saint Paul's hospital millennium medical college";"";"routinely";"routinely";"routinely";"routinely";"routinely";"not_performed";"routinely";"routinely";"routinely";"occasionally";"routinely";"routinely";"routinely";"routinely";"routinely";"routinely";"occasionally";"occasionally";"gt1000";"burns acute_trauma hand";"1";"1";"0";"0";"0";"1";"0";"0";"0";"0";"";"consistently";"consistently";"consistently";"consistently";"consistently";"consistently";"intermittently";"consistently";"consistently";"consistently";"consistently";"consistently";"intermittently";"consistently";"consistently";"consistently";"consistently";"not_available";"intermittently";"consistently";"consistently";"consistently";"consistently";"consistently";"consistently";"consistently";"consistently";"consistently";"consistently";"consistently";"consistently";"intermittently";"yes";"yes";"Annual microsurgery visiting professorship";"yes";"2023 tumbi, Tanzania and 2023 arbaminch Ethiopia";"yes";"yes";"Subspecialty fellowship in craniofacial surgery";"yes";"";"";"881460719";"235783ab-73fe-4557-b231-759631de6d4c";"2026-09-29T14:29:15";"";"submitted_via_web";"";"vRMednGrmJi94rgdpnZnZd";"uuid:235783ab-73fe-4557-b231-759631de6d4c";"40"
"2026-09-29T19:24:48.487+03:00";"2026-09-29T23:10:50.753+03:00";"2026-09-29";"ee.kobotoolbox.org:xONTV2cc5EdmAp2d";"";"";"";"";"yes";"";"adisalemhabtamhay@gmail.com";"male";"30_39";"Ethiopia";"Addis Ababa";"yes";"";"angola ethiopia";"1";"0";"0";"0";"0";"0";"0";"0";"0";"0";"0";"0";"0";"0";"0";"0";"0";"1";"0";"0";"0";"0";"0";"0";"0";"0";"0";"0";"0";"0";"0";"0";"0";"0";"0";"0";"0";"0";"0";"0";"0";"0";"0";"0";"0";"0";"0";"0";"0";"0";"surgical_fellowship";"";"national";"";"2025";"consultant";"";"hand trauma oncoplastic general_reconstructive";"0";"0";"1";"0";"1";"0";"0";"1";"1";"0";"";"no";"";"";"";"Dessie Hospital";"";"routinely";"routinely";"routinely";"routinely";"occasionally";"not_performed";"routinely";"routinely";"occasionally";"not_performed";"routinely";"routinely";"occasionally";"routinely";"routinely";"occasionally";"not_performed";"rarely";"251_500";"acute_trauma scar_revision hand";"0";"1";"1";"0";"0";"1";"0";"0";"0";"0";"";"intermittently";"intermittently";"intermittently";"intermittently";"intermittently";"intermittently";"not_available";"intermittently";"consistently";"intermittently";"intermittently";"consistently";"not_available";"not_available";"consistently";"not_available";"not_available";"not_available";"not_available";"intermittently";"consistently";"consistently";"intermittently";"consistently";"not_available";"not_available";"not_available";"intermittently";"intermittently";"consistently";"intermittently";"intermittently";"no";"no";"";"yes";"I participated in Basic reconstructive surgery workshop in Guinea,  February 2024";"no";"yes";"Breast reconstruction (both Augmentation and reduction), Body contouring, Facial aesthetic procedures, Brachial plexus repair and related procedures";"yes";"I would like to participate in 2nd Chance association missions and want to establish institutional collaborations with the association since 2nd chance association has the capacity to support and enhance plastic and reconstructive surgical survices";"";"881761761";"b4ce9792-082e-4405-adc1-48dca79d2cd2";"2026-09-29T20:10:52";"";"submitted_via_web";"";"vRMednGrmJi94rgdpnZnZd";"uuid:b4ce9792-082e-4405-adc1-48dca79d2cd2";"41"
"2026-09-30T12:04:45.426+02:00";"2026-09-30T12:07:22.008+02:00";"2026-09-30";"ee.kobotoolbox.org:EVDDmbQnf8ZSEQa4";"";"";"";"";"yes";"";"nemalima94@gmail.com";"female";"30_39";"Namibia";"Oniipa";"no";"";"";"";"";"";"";"";"";"";"";"";"";"";"";"";"";"";"";"";"";"";"";"";"";"";"";"";"";"";"";"";"";"";"";"";"";"";"";"";"";"";"";"";"";"";"";"";"";"";"";"";"";"";"";"";"";"";"";"";"";"";"";"";"";"";"";"";"";"";"";"";"";"";"";"";"";"";"";"";"";"";"";"";"";"";"";"";"";"";"";"";"";"";"";"";"";"";"";"";"";"";"";"";"";"";"";"";"";"";"";"";"";"";"";"";"";"";"";"";"";"";"";"";"";"";"";"";"";"";"";"";"";"";"";"";"";"";"";"";"";"";"";"";"";"";"";"";"";"";"";"";"882264359";"9a387d2e-b03d-4656-9f59-861d33e078f6";"2026-09-30T10:07:22";"";"submitted_via_web";"";"vRMednGrmJi94rgdpnZnZd";"uuid:9a387d2e-b03d-4656-9f59-861d33e078f6";"42"
"2026-09-30T15:08:11.168+03:00";"2026-09-30T15:21:49.217+03:00";"2026-09-30";"ee.kobotoolbox.org:oN4QF9r3xFgcmAz5";"";"";"";"";"yes";"";"c.rahmanshire9@gmail.com";"male";"lt30";"Somalia";"Mogadishu";"yes";"";"somalia";"0";"0";"0";"0";"0";"0";"0";"0";"0";"0";"0";"0";"0";"0";"0";"0";"0";"0";"0";"0";"0";"0";"0";"0";"0";"0";"0";"0";"0";"0";"0";"0";"0";"0";"0";"0";"0";"0";"0";"0";"1";"0";"0";"0";"0";"0";"0";"0";"0";"0";"surgical_membership";"";"cosecsa";"";"2026";"resident";"";"burns craniofacial hand trauma pediatric general_reconstructive";"1";"1";"1";"0";"1";"0";"1";"0";"1";"0";"";"no";"";"";"";"Kalkaal hospital";"";"routinely";"occasionally";"routinely";"routinely";"occasionally";"rarely";"routinely";"routinely";"routinely";"not_performed";"occasionally";"occasionally";"occasionally";"routinely";"routinely";"routinely";"rarely";"rarely";"101_250";"burns acute_trauma cleft";"1";"1";"0";"1";"0";"0";"0";"0";"0";"0";"";"consistently";"consistently";"consistently";"consistently";"consistently";"consistently";"intermittently";"consistently";"consistently";"consistently";"consistently";"intermittently";"intermittently";"not_available";"consistently";"consistently";"intermittently";"not_available";"not_available";"intermittently";"consistently";"consistently";"consistently";"consistently";"not_available";"intermittently";"intermittently";"consistently";"consistently";"consistently";"consistently";"consistently";"no";"yes";"Cleft lip and palate outreach";"yes";"Basic reconstructive surgery workshop in Uganda 2024 Kirudu hospital";"no";"yes";"Micro surgery and burn unit (dedicated team for burn care )";"no";"";"";"882420412";"49e7119c-8df6-4d04-b50f-5f07360e748d";"2026-09-30T12:21:25";"";"submitted_via_web";"";"vRMednGrmJi94rgdpnZnZd";"uuid:49e7119c-8df6-4d04-b50f-5f07360e748d";"43"
"2026-09-30T17:18:38.114+02:00";"2026-09-30T17:28:44.060+02:00";"2026-09-30";"ee.kobotoolbox.org:IkklW1CYtCrCo8Eq";"";"";"";"";"yes";"";"ndindwanimana@gmail.com";"female";"30_39";"Rwanda";"Kigali";"yes";"";"rwanda";"0";"0";"0";"0";"0";"0";"0";"0";"0";"0";"0";"0";"0";"0";"0";"0";"0";"0";"0";"0";"0";"0";"0";"0";"0";"0";"0";"0";"0";"0";"0";"0";"0";"0";"0";"1";"0";"0";"0";"0";"0";"0";"0";"0";"0";"0";"0";"0";"0";"0";"surgical_membership";"";"cosecsa";"";"2023";"resident";"";"other";"0";"0";"0";"0";"0";"0";"0";"0";"0";"1";"Still a resident/FCS1";"no";"";"";"";"Chuk";"";"routinely";"routinely";"routinely";"routinely";"routinely";"routinely";"routinely";"routinely";"routinely";"not_performed";"routinely";"routinely";"routinely";"routinely";"routinely";"rarely";"routinely";"not_performed";"251_500";"burns acute_trauma scar_revision";"1";"1";"1";"0";"0";"0";"0";"0";"0";"0";"";"consistently";"consistently";"consistently";"consistently";"intermittently";"consistently";"not_available";"consistently";"consistently";"consistently";"intermittently";"intermittently";"consistently";"intermittently";"consistently";"consistently";"intermittently";"intermittently";"not_available";"consistently";"consistently";"consistently";"intermittently";"consistently";"intermittently";"not_available";"not_available";"consistently";"consistently";"consistently";"consistently";"consistently";"yes";"yes";"Burn, craniofacial, microsurgery";"yes";"June 2026 Kenya Eldoret";"yes";"yes";"Clefts and burn reconstruction";"no";"Thank you for giving us the opportunity to learn";"";"882652781";"9b483df6-8d9e-4dc3-be15-ecfa0cee7377";"2026-09-30T15:28:45";"";"submitted_via_web";"";"vRMednGrmJi94rgdpnZnZd";"uuid:9b483df6-8d9e-4dc3-be15-ecfa0cee7377";"44"
"2026-09-30T19:12:55.920+03:00";"2026-09-30T19:25:53.888+03:00";"2026-09-30";"ee.kobotoolbox.org:eMA8DXWjSjpFDebc";"";"";"";"";"yes";"";"davinsa2004@gmail.com";"male";"30_39";"Kenya";"Kijabe";"yes";"";"kenya";"0";"0";"0";"0";"0";"0";"0";"0";"0";"0";"0";"0";"0";"0";"0";"0";"0";"0";"0";"0";"0";"0";"0";"1";"0";"0";"0";"0";"0";"0";"0";"0";"0";"0";"0";"0";"0";"0";"0";"0";"0";"0";"0";"0";"0";"0";"0";"0";"0";"0";"masters_surgery";"";"other";"Mmed gen surg currently a fellow";"2026";"resident";"";"general_reconstructive";"0";"0";"0";"0";"0";"0";"0";"0";"1";"0";"";"no";"";"";"";"Kijabe hospital";"";"routinely";"routinely";"occasionally";"routinely";"routinely";"not_performed";"routinely";"routinely";"routinely";"occasionally";"routinely";"routinely";"occasionally";"routinely";"routinely";"occasionally";"occasionally";"rarely";"501_1000";"burns";"1";"0";"0";"0";"0";"0";"0";"0";"0";"0";"";"consistently";"consistently";"consistently";"consistently";"intermittently";"consistently";"consistently";"consistently";"consistently";"consistently";"consistently";"consistently";"consistently";"intermittently";"intermittently";"intermittently";"intermittently";"not_available";"intermittently";"not_available";"consistently";"consistently";"consistently";"consistently";"intermittently";"intermittently";"not_available";"consistently";"consistently";"consistently";"intermittently";"intermittently";"yes";"yes";"Operation smile, other universities";"yes";"Tumbi hospital 2026";"yes";"yes";"Reconstructive";"no";"No";"";"882724761";"b6dee6d8-a471-4d0e-8978-fbfa69ceeed5";"2026-09-30T16:25:54";"";"submitted_via_web";"";"vRMednGrmJi94rgdpnZnZd";"uuid:b6dee6d8-a471-4d0e-8978-fbfa69ceeed5";"45"
"2026-09-30T13:35:25.589-04:00";"2026-09-30T14:17:12.721-04:00";"2026-09-29";"ee.kobotoolbox.org:cQu1j6h34aTSpdxJ";"";"";"";"";"yes";"";"elizabethbetson@yahoo.com";"female";"30_39";"RWANDA";"KIGALI";"yes";"";"rwanda";"0";"0";"0";"0";"0";"0";"0";"0";"0";"0";"0";"0";"0";"0";"0";"0";"0";"0";"0";"0";"0";"0";"0";"0";"0";"0";"0";"0";"0";"0";"0";"0";"0";"0";"0";"1";"0";"0";"0";"0";"0";"0";"0";"0";"0";"0";"0";"0";"0";"0";"surgical_membership";"";"cosecsa";"";"2026";"resident";"";"general_reconstructive";"0";"0";"0";"0";"0";"0";"0";"0";"1";"0";"";"yes";"3";"";"CHUK";"CHUK";"";"routinely";"routinely";"routinely";"routinely";"routinely";"routinely";"routinely";"routinely";"routinely";"occasionally";"routinely";"routinely";"routinely";"rarely";"rarely";"occasionally";"occasionally";"not_performed";"gt1000";"burns acute_trauma hand";"1";"1";"0";"0";"0";"1";"0";"0";"0";"0";"";"consistently";"consistently";"consistently";"consistently";"consistently";"consistently";"consistently";"consistently";"consistently";"consistently";"consistently";"consistently";"consistently";"consistently";"consistently";"consistently";"consistently";"consistently";"consistently";"consistently";"consistently";"consistently";"consistently";"consistently";"consistently";"consistently";"not_available";"consistently";"consistently";"consistently";"consistently";"consistently";"yes";"yes";"HAND, CRANIOFACIAL, BURN, HYPOSPADIAS, CLEFT LIP AND PALATE,  BREAST AND RECONSTRUCTION";"yes";"TANZANIA - 2025, KENYA-2026";"yes";"yes";"HAND, MAXILLOFACIAL, BREAST, BURN, CLEFT LIP AND PALATE";"yes";"WOULD REQUEST FOR 2ND CHANCE TO REACH AT KIGALI-RWANDA IN COMING DAYS. AND ALSO TO GIVE MORE CHANCE TO ATTEND SEVERAL WORKSHOPS TO THOSE NEED BECAUSE TO SOME OF US ITS SO HELPFULL.";"";"882833544";"ebd74597-d9c0-4eaf-ba05-7d768f38c677";"2026-09-30T18:17:13";"";"submitted_via_web";"";"vRMednGrmJi94rgdpnZnZd";"uuid:ebd74597-d9c0-4eaf-ba05-7d768f38c677";"46"
"2026-09-30T21:12:18.776+03:00";"2026-09-30T21:35:14.263+03:00";"2026-09-30";"ee.kobotoolbox.org:RzpQSGr3pRByNvNn";"";"";"";"";"yes";"";"dkkarerwajafa88@gmail.com";"male";"30_39";"Uganda";"Kampala";"yes";"";"uganda";"0";"0";"0";"0";"0";"0";"0";"0";"0";"0";"0";"0";"0";"0";"0";"0";"0";"0";"0";"0";"0";"0";"0";"0";"0";"0";"0";"0";"0";"0";"0";"0";"0";"0";"0";"0";"0";"0";"0";"0";"0";"0";"0";"0";"0";"0";"1";"0";"0";"0";"surgical_membership";"";"cosecsa";"";"2024";"fellow";"";"general_reconstructive";"0";"0";"0";"0";"0";"0";"0";"0";"1";"0";"";"no";"";"";"";"Mulago Hospital";"";"routinely";"occasionally";"routinely";"routinely";"occasionally";"rarely";"routinely";"routinely";"routinely";"not_performed";"occasionally";"occasionally";"occasionally";"occasionally";"occasionally";"occasionally";"occasionally";"rarely";"gt1000";"burns scar_revision cancer";"1";"0";"1";"0";"0";"0";"1";"0";"0";"0";"";"consistently";"consistently";"consistently";"consistently";"consistently";"intermittently";"intermittently";"consistently";"consistently";"consistently";"consistently";"consistently";"intermittently";"intermittently";"consistently";"consistently";"consistently";"intermittently";"intermittently";"not_available";"consistently";"consistently";"consistently";"consistently";"intermittently";"not_available";"not_available";"consistently";"consistently";"consistently";"consistently";"consistently";"yes";"no";"";"yes";"WORKSHOP IN KENYA ELDORET AS TRAINEE";"yes";"yes";"microsurgery ,hand surgery";"yes";"";"";"882850913";"0109e092-21a6-4320-bd17-6fdbc2e2d1b8";"2026-09-30T18:35:15";"";"submitted_via_web";"";"vRMednGrmJi94rgdpnZnZd";"uuid:0109e092-21a6-4320-bd17-6fdbc2e2d1b8";"47"
"2026-09-30T21:03:23.291+02:00";"2026-09-30T21:12:47.774+02:00";"2026-09-30";"ee.kobotoolbox.org:9oRZorrFfmQkyNWR";"";"";"";"";"yes";"";"migishadesire1@gmail.com";"male";"lt30";"Rwanda";"G Y";"yes";"";"rwanda";"0";"0";"0";"0";"0";"0";"0";"0";"0";"0";"0";"0";"0";"0";"0";"0";"0";"0";"0";"0";"0";"0";"0";"0";"0";"0";"0";"0";"0";"0";"0";"0";"0";"0";"0";"1";"0";"0";"0";"0";"0";"0";"0";"0";"0";"0";"0";"0";"0";"0";"primary_medical_degree";"";"national";"";"2024";"resident";"";"burns hand microsurgery aesthetic general_reconstructive";"1";"0";"1";"1";"0";"1";"0";"0";"1";"0";"";"no";"";"";"";"University teaching hospital of Kigali";"";"routinely";"routinely";"routinely";"routinely";"routinely";"not_performed";"routinely";"routinely";"routinely";"not_performed";"routinely";"routinely";"occasionally";"occasionally";"routinely";"rarely";"occasionally";"rarely";"gt1000";"burns acute_trauma hand";"1";"1";"0";"0";"0";"1";"0";"0";"0";"0";"";"consistently";"consistently";"consistently";"consistently";"intermittently";"consistently";"consistently";"consistently";"consistently";"consistently";"consistently";"consistently";"consistently";"consistently";"intermittently";"intermittently";"intermittently";"intermittently";"intermittently";"consistently";"consistently";"consistently";"consistently";"consistently";"consistently";"consistently";"consistently";"consistently";"consistently";"consistently";"consistently";"consistently";"yes";"yes";"Visiting professorship";"yes";"Late May ,Tumbi Hospital";"yes";"yes";"External rotation";"no";"Thank you";"";"882879283";"382da7da-e7fc-49b4-a63a-fc508458fc73";"2026-09-30T19:12:49";"";"submitted_via_web";"";"vRMednGrmJi94rgdpnZnZd";"uuid:382da7da-e7fc-49b4-a63a-fc508458fc73";"48"
"2026-09-30T15:47:52.858-04:00";"2026-09-30T15:48:15.456-04:00";"2026-09-29";"ee.kobotoolbox.org:8vtp4UPul8YFL0pc";"";"";"";"";"no";"";"";"";"";"";"";"";"";"";"";"";"";"";"";"";"";"";"";"";"";"";"";"";"";"";"";"";"";"";"";"";"";"";"";"";"";"";"";"";"";"";"";"";"";"";"";"";"";"";"";"";"";"";"";"";"";"";"";"";"";"";"";"";"";"";"";"";"";"";"";"";"";"";"";"";"";"";"";"";"";"";"";"";"";"";"";"";"";"";"";"";"";"";"";"";"";"";"";"";"";"";"";"";"";"";"";"";"";"";"";"";"";"";"";"";"";"";"";"";"";"";"";"";"";"";"";"";"";"";"";"";"";"";"";"";"";"";"";"";"";"";"";"";"";"";"";"";"";"";"";"";"";"";"";"";"";"";"";"882906912";"ffeca72c-82cc-471a-9d97-3c72038142eb";"2026-09-30T19:48:15";"";"submitted_via_web";"";"vRMednGrmJi94rgdpnZnZd";"uuid:ffeca72c-82cc-471a-9d97-3c72038142eb";"49"
"2026-09-30T22:20:24.907+02:00";"2026-09-30T22:45:46.220+02:00";"2026-09-30";"ee.kobotoolbox.org:3ObSF2kIHIGGcwKk";"";"";"";"";"yes";"";"dn.wonokay@gmail.com";"female";"30_39";"Rwanda";"Kigali";"yes";"";"rwanda";"0";"0";"0";"0";"0";"0";"0";"0";"0";"0";"0";"0";"0";"0";"0";"0";"0";"0";"0";"0";"0";"0";"0";"0";"0";"0";"0";"0";"0";"0";"0";"0";"0";"0";"0";"1";"0";"0";"0";"0";"0";"0";"0";"0";"0";"0";"0";"0";"0";"0";"surgical_membership";"";"cosecsa";"";"2022";"resident";"";"other";"0";"0";"0";"0";"0";"0";"0";"0";"0";"1";"general Plastic surgery";"yes";"2";"";"university teaching hospital of kigali";"university teaching hospital of kigali";"";"routinely";"routinely";"routinely";"routinely";"routinely";"occasionally";"routinely";"routinely";"routinely";"occasionally";"routinely";"routinely";"occasionally";"routinely";"routinely";"occasionally";"routinely";"occasionally";"501_1000";"burns acute_trauma hand";"1";"1";"0";"0";"0";"1";"0";"0";"0";"0";"";"consistently";"consistently";"consistently";"consistently";"consistently";"consistently";"consistently";"consistently";"consistently";"consistently";"consistently";"consistently";"not_available";"intermittently";"consistently";"consistently";"consistently";"not_available";"intermittently";"consistently";"consistently";"consistently";"consistently";"consistently";"consistently";"consistently";"intermittently";"consistently";"consistently";"consistently";"consistently";"consistently";"yes";"yes";"operation smile teams, SHARE global fellowship teams and American college of surgeons teams";"yes";"Togo in 2024";"yes";"yes";"Asthestic cases";"yes";"";"";"882936086";"d2414f97-5fc0-4359-b354-1037c7158298";"2026-09-30T20:45:47";"";"submitted_via_web";"";"vRMednGrmJi94rgdpnZnZd";"uuid:d2414f97-5fc0-4359-b354-1037c7158298";"50"
"2026-10-01T16:38:35.370+03:00";"2026-10-01T17:04:49.953+03:00";"2026-10-01";"ee.kobotoolbox.org:iEikTFkI4Hi2voEQ";"";"";"";"";"yes";"";"agadorami3@gmail.com";"female";"40_49";"DR CONGO";"Kinshasa";"yes";"";"democratic_republic_of_the_congo";"0";"0";"0";"0";"0";"0";"0";"0";"0";"0";"0";"1";"0";"0";"0";"0";"0";"0";"0";"0";"0";"0";"0";"0";"0";"0";"0";"0";"0";"0";"0";"0";"0";"0";"0";"0";"0";"0";"0";"0";"0";"0";"0";"0";"0";"0";"0";"0";"0";"0";"surgical_membership";"";"cosecsa";"";"2026";"resident";"";"burns pediatric";"1";"0";"0";"0";"0";"0";"1";"0";"0";"0";"";"no";"";"";"";"KALEMBELEMBE PEDIATRIC HOSPITAL";"";"routinely";"not_performed";"rarely";"rarely";"rarely";"not_performed";"occasionally";"rarely";"not_performed";"not_performed";"not_performed";"not_performed";"rarely";"occasionally";"occasionally";"not_performed";"not_performed";"not_performed";"lt50";"burns";"1";"0";"0";"0";"0";"0";"0";"0";"0";"0";"";"consistently";"consistently";"intermittently";"not_available";"intermittently";"not_available";"not_available";"not_available";"consistently";"consistently";"not_available";"intermittently";"consistently";"not_available";"not_available";"not_available";"consistently";"not_available";"not_available";"consistently";"consistently";"consistently";"consistently";"consistently";"not_available";"not_available";"not_available";"intermittently";"consistently";"consistently";"intermittently";"not_available";"no";"no";"";"yes";"TUMBI HOSPITAL Tanzania 2026";"no";"yes";"On contracture release: flaps and skin graft,  also proper burn injury care";"yes";"No comment";"";"883592696";"9a7ad9ba-2063-4fed-a4a0-c060f689cde5";"2026-10-01T14:04:59";"";"submitted_via_web";"";"vRMednGrmJi94rgdpnZnZd";"uuid:9a7ad9ba-2063-4fed-a4a0-c060f689cde5";"51"
